title,price,imgs,desc
IPHONE 13 GÓP 0Đ LÃI SUẤT 0%. THU CŨ ĐỔI MỚI,12.900.000 đ,"['data:image/gif;base64,R0lGODlhAQABAIAAAAAAAP///yH5BAEAAAAALAAAAAABAAEAAAIBRAA7', 'https://cdn.chotot.com/rK6CG_XNDJjV6kSonFEFu9qfSTm_F8lGJM2AD89KDTg/preset:view/plain/6b2232a05a83b62680246d2dea0dcc5f-2799437273555230393.jpg']","✅CỬA HÀNG TOP PHONE -CHUYÊN IPHONE TRẢ GÓP TOP PHONE ĐÀ LẠT

🏡 ĐC : 351 Hai Bà Trưng p6 tp Đà Lạt 🎀

-IPHONE: 13 Thường Quốc tế Zin 100% NHƯ MỚI 

P 📲 💲 Giá chỉ từ 12.900.000 cho bản 32G 

😢BẢO HÀNH 24 THÁNG -TẶNG QUÀ KHỦNG .....!

😢NHẬP RẺ .... BÁN RẺ !
Mua I.P cực dễ tại chỉ cần : CMND +CCCD
- Trả góp bao đậu , không cần trả trước .

👇 Mua 1 Tặng 6 :
🎁 Tặng kèm combo : sạc cáp , tai nghe , ốp lưng , cường lực miễn phí trọn đời máy .
- Tặng áo mưa thời trang cao cấp ,,
- Tặng sạc nhanh ,
l- Tặng tai nghe airpods cao cấp ,
- Tặng voucher giảm giá 600k ,
-tặng Mũ Bảo hiểm 

- Dùng thử 30ngày 1 đổi 1 .
- Bảo hành 24 tháng phần cứng .
- Bảo hành 86 tháng phần mềm

HỖ TRỢ GÓP 0Đ - LÊN ĐỜI KHÔNG BÙ TIỀN
HỖ TRỢ THU CŨ ĐỔI MỚI VỚI TẤT CẢ CÁC DÒNG MÁY"
✅11Promax QUỐC TẾ 64G ZIN 100% TRẢ GÓP CHỈ CẦN CCC,10.500.000 đ,"['data:image/gif;base64,R0lGODlhAQABAIAAAAAAAP///yH5BAEAAAAALAAAAAABAAEAAAIBRAA7', 'https://cdn.chotot.com/i-QZ1S_uIgmjZV_s5ajR-ZAQ5iMFsG_jEuhHJO3qC6M/preset:view/plain/402695f410e1e9a951b436cc5cc4f839-2799418343524298768.jpg']","CỬA HÀNG TÁO 24H CHUYÊN IPHONE LOCK VÀ QUỐC TẾ GIÁ RẺ ĐÀ LẠT
🚗 Địa chỉ: 191 Phan Đình Phùng, P2, Đà Lạ

• Sản phẩm : 11Promax QUỐC TẾ 64G Ạ
Giá chỉ từ :10tr5
===================
👉THỦ TỤC MUA TRẢ GÓP CẦN:
- CMND + GPLX( hoặc SHK).
- Không cần chứng minh thu nhập.
- Không giữ lại giấy tờ gốc.
- Áp dụng toàn quốc từ 18 tuổi trở lên.
- Thời gian xét duyệt nhanh (10 - 20phút)
.
🏦 HỔ TRỢ TRẢ GÓP 0% QUA THẺ TÍN DỤNG/THẺ VISA (KHÔNG CẦN THẨM ĐỊNH, KHÔNG CẦN TRẢ TRƯỚC)
💥
✅TÁO 24H CAM KẾT:
✔️ Chỉ bán máy nguyên zin chính hãng Apple máy đẹp
✔ Nói không với hàng giả, hàng nhái.
✔️ Hoàn lại tiền 10 lần nếu phát hiện hàng giả hàng nhái .
✔️ Chế độ bảo hành #UY_TÍN . Không gây khó khăn hay đổi lỗi cho khách hàng trong trường hợp máy có lỗi nhà cung cấp.

✅CHẾ ĐỘ BẢO HÀNH VÀ ĐỔI TRẢ:
📌Bảo hành 12 tháng toàn diện ( pin,nguồn, màn, main, wifi, vân tay...)
📌Đổi mới 10 ngày đối với máy cũ , 30 ngày đối với máy mới( Miễn phí, không hạn chế số lần đổi ).
📌 Dán cường lực miễn phí 12 tháng.
📌 Bảo hành phần mềm trọn đời máy .

✅QUYỀN LỢI KHÁCH HÀNG KHI MUA MÁY TẠI TÁO 24H :
✔️ Khuyến mại ốp lưng chống sốc ( Miễn phí trong 12 tháng )
✔️ Dán cường lực miễn phí trong 12 tháng.
✔️ Máy đã full phụ kiện ( bao gồm : Củ sạc, cáp sạc ). Không mất thêm tiền mua phụ kiện giống như các cửa hàng khác."
✅ 13 QUỐC TẾ 128G - 256G ZIN 100% TRẢ GÓP CHỈ CẦN,13.500.000 đ,"['data:image/gif;base64,R0lGODlhAQABAIAAAAAAAP///yH5BAEAAAAALAAAAAABAAEAAAIBRAA7', 'https://cdn.chotot.com/nY-6Nn-u3fEZCKasBVErWXun00wEA9TUuv7MIvIr-lw/preset:view/plain/f833807fe771b6134aa446de2b67067c-2799419323760679234.jpg']","💥- 𝑪𝒉𝒖𝒚𝒆̂𝒏 𝒄𝒂́𝒄 𝒔𝒂̉𝒏 𝒑𝒉𝒂̂̉𝒎 𝑨𝒑𝒑𝒍𝒆 𝒄𝒉𝒊́𝒏𝒉 𝒉𝒂̃𝒏𝒈 🔥CỬA HÀNG TÊN #TÁO 24H🎉 🍃ĐỊA CHỉ SHOP TẠi: 191 Phan Đình Phùng P.2 TP. Đà Lạt ☎️ 𝐡𝐨𝐭𝐥𝐢𝐧𝐞/𝐳𝐚𝐥𝐨 :*** 

• Sản phẩm : 13 QUỐC TẾ 128G Ạ
Giá chỉ từ : 13tr5
===================
👉THỦ TỤC MUA TRẢ GÓP CẦN:
- CMND + GPLX( hoặc SHK).
- Không cần chứng minh thu nhập.
- Không giữ lại giấy tờ gốc.
- Áp dụng toàn quốc từ 18 tuổi trở lên.
- Thời gian xét duyệt nhanh (10 - 20phút)
.
🏦 HỔ TRỢ TRẢ GÓP 0% QUA THẺ TÍN DỤNG/THẺ VISA (KHÔNG CẦN THẨM ĐỊNH, KHÔNG CẦN TRẢ TRƯỚC)
💥
✅TÁO 24H CAM KẾT:
✔️ Chỉ bán máy nguyên zin chính hãng Apple máy đẹp
✔ Nói không với hàng giả, hàng nhái.
✔️ Hoàn lại tiền 10 lần nếu phát hiện hàng giả hàng nhái .
✔️ Chế độ bảo hành #UY_TÍN . Không gây khó khăn hay đổi lỗi cho khách hàng trong trường hợp máy có lỗi nhà cung cấp.

✅CHẾ ĐỘ BẢO HÀNH VÀ ĐỔI TRẢ:
📌Bảo hành 12 tháng toàn diện ( pin,nguồn, màn, main, wifi, vân tay...)
📌Đổi mới 10 ngày đối với máy cũ , 30 ngày đối với máy mới( Miễn phí, không hạn chế số lần đổi ).
📌 Dán cường lực miễn phí 12 tháng.
📌 Bảo hành phần mềm trọn đời máy .

✅QUYỀN LỢI KHÁCH HÀNG KHI MUA MÁY TẠI TÁO 24H :
✔️ Khuyến mại ốp lưng chống sốc ( Miễn phí trong 12 tháng )
✔️ Dán cường lực miễn phí trong 12 tháng.
✔️ Máy đã full phụ kiện ( bao gồm : Củ sạc, cáp sạc ). Không mất thêm tiền mua phụ kiện giống như các cửa hàng khác."
✅XSMAX QUỐC TẾ 64G ZIN 100% TRẢ GÓP CHỈ CẦN CCCD T,6.000.000 đ,"['data:image/gif;base64,R0lGODlhAQABAIAAAAAAAP///yH5BAEAAAAALAAAAAABAAEAAAIBRAA7', 'https://cdn.chotot.com/d0Ra-bLHK4ABabaAEm3f0hCQ7ZBZn33qz1lAW3tcVXA/preset:view/plain/b4049f3a024df1c5dc71cc421c76f1e9-2799418838597323578.jpg']","💥- 𝑪𝒉𝒖𝒚𝒆̂𝒏 𝒄𝒂́𝒄 𝒔𝒂̉𝒏 𝒑𝒉𝒂̂̉𝒎 𝑨𝒑𝒑𝒍𝒆 𝒄𝒉𝒊́𝒏𝒉 𝒉𝒂̃𝒏𝒈 🔥CỬA HÀNG TÊN #TÁO 24H🎉 🍃ĐỊA CHỉ SHOP TẠi: 191 Phan Đình Phùng P.2 TP. Đà Lạt ☎️ 𝐡𝐨𝐭𝐥𝐢𝐧𝐞/𝐳𝐚𝐥𝐨 :*** 

• Sản phẩm : XSMAX QUỐC TẾ 64G Ạ
Giá chỉ từ : 6tr
===================
👉THỦ TỤC MUA TRẢ GÓP CẦN:
- CMND + GPLX( hoặc SHK).
- Không cần chứng minh thu nhập.
- Không giữ lại giấy tờ gốc.
- Áp dụng toàn quốc từ 18 tuổi trở lên.
- Thời gian xét duyệt nhanh (10 - 20phút)
.
🏦 HỔ TRỢ TRẢ GÓP 0% QUA THẺ TÍN DỤNG/THẺ VISA (KHÔNG CẦN THẨM ĐỊNH, KHÔNG CẦN TRẢ TRƯỚC)
💥
✅TÁO 24H CAM KẾT:
✔️ Chỉ bán máy nguyên zin chính hãng Apple máy đẹp
✔ Nói không với hàng giả, hàng nhái.
✔️ Hoàn lại tiền 10 lần nếu phát hiện hàng giả hàng nhái .
✔️ Chế độ bảo hành #UY_TÍN . Không gây khó khăn hay đổi lỗi cho khách hàng trong trường hợp máy có lỗi nhà cung cấp.

✅CHẾ ĐỘ BẢO HÀNH VÀ ĐỔI TRẢ:
📌Bảo hành 12 tháng toàn diện ( pin,nguồn, màn, main, wifi, vân tay...)
📌Đổi mới 10 ngày đối với máy cũ , 30 ngày đối với máy mới( Miễn phí, không hạn chế số lần đổi ).
📌 Dán cường lực miễn phí 12 tháng.
📌 Bảo hành phần mềm trọn đời máy .

✅QUYỀN LỢI KHÁCH HÀNG KHI MUA MÁY TẠI TÁO 24H :
✔️ Khuyến mại ốp lưng chống sốc ( Miễn phí trong 12 tháng )
✔️ Dán cường lực miễn phí trong 12 tháng.
✔️ Máy đã full phụ kiện ( bao gồm : Củ sạc, cáp sạc ). Không mất thêm tiền mua phụ kiện giống như các cửa hàng khác."
✅11 QUỐC TẾ 64G ZIN 100% TRẢ GÓP CHỈ CẦN CCCD Từ 1,6.500.000 đ,"['data:image/gif;base64,R0lGODlhAQABAIAAAAAAAP///yH5BAEAAAAALAAAAAABAAEAAAIBRAA7', 'https://cdn.chotot.com/VMBGSzSy7wgEB4StMBz41X5dFjX2UthVlPhTTyMbx4g/preset:view/plain/e4206f9a5809ab1613c0fc59f9693455-2799416938722191824.jpg']","CỬA HÀNG TÁO 24H CHUYÊN IPHONE LOCK VÀ QUỐC TẾ GIÁ RẺ ĐÀ LẠT
🚗 Địa chỉ: 191 Phan Đình Phùng, P2, Đà Lạ

• Sản phẩm : 11 QUỐC TẾ 64G Ạ
Giá chỉ từ :6tr5
===================
👉THỦ TỤC MUA TRẢ GÓP CẦN:
- CMND + GPLX( hoặc SHK).
- Không cần chứng minh thu nhập.
- Không giữ lại giấy tờ gốc.
- Áp dụng toàn quốc từ 18 tuổi trở lên.
- Thời gian xét duyệt nhanh (10 - 20phút)
.
🏦 HỔ TRỢ TRẢ GÓP 0% QUA THẺ TÍN DỤNG/THẺ VISA (KHÔNG CẦN THẨM ĐỊNH, KHÔNG CẦN TRẢ TRƯỚC)
💥
✅TÁO 24H CAM KẾT:
✔️ Chỉ bán máy nguyên zin chính hãng Apple máy đẹp
✔ Nói không với hàng giả, hàng nhái.
✔️ Hoàn lại tiền 10 lần nếu phát hiện hàng giả hàng nhái .
✔️ Chế độ bảo hành #UY_TÍN . Không gây khó khăn hay đổi lỗi cho khách hàng trong trường hợp máy có lỗi nhà cung cấp.

✅CHẾ ĐỘ BẢO HÀNH VÀ ĐỔI TRẢ:
📌Bảo hành 12 tháng toàn diện ( pin,nguồn, màn, main, wifi, vân tay...)
📌Đổi mới 10 ngày đối với máy cũ , 30 ngày đối với máy mới( Miễn phí, không hạn chế số lần đổi ).
📌 Dán cường lực miễn phí 12 tháng.
📌 Bảo hành phần mềm trọn đời máy .

✅QUYỀN LỢI KHÁCH HÀNG KHI MUA MÁY TẠI TÁO 24H :
✔️ Khuyến mại ốp lưng chống sốc ( Miễn phí trong 12 tháng )
✔️ Dán cường lực miễn phí trong 12 tháng.
✔️ Máy đã full phụ kiện ( bao gồm : Củ sạc, cáp sạc ). Không mất thêm tiền mua phụ kiện giống như các cửa hàng khác."
combo :sạc dự phòng-cáp sạc 86-fone 3.5,369.000 đ,"['data:image/gif;base64,R0lGODlhAQABAIAAAAAAAP///yH5BAEAAAAALAAAAAABAAEAAAIBRAA7', 'https://cdn.chotot.com/UcnjNGSx0N8s9ewkI1Tkri-6LJb8FMEaI37OpwtKlp0/preset:view/plain/3d60ca3cbe68f5b6f57627b6f9facc36-2799984352364341217.jpg']","Hàng mới nguyên hộp, chỉ còn 3 combo sale nhanh cho khách"
Samsung Galaxy S22 Ultra 5G 256GB,18.000.000 đ,"['data:image/gif;base64,R0lGODlhAQABAIAAAAAAAP///yH5BAEAAAAALAAAAAABAAEAAAIBRAA7', 'https://cdn.chotot.com/rcAVG8isu4GEMLHGpErI5D-GXPFUCjQErrXXjxfYfpg/preset:view/plain/664a5c75d4541714db9aef96f7a9b9ec-2799976307642542049.jpg']","Thanh lý nhanh cây này, máy đẹp 99%, nguyên zin, còn bảo hành 8/2023, có hổ trợ trả góp.

Màn hình: Dynamic AMOLED 2X6.8""Quad HD+ (2K+)
Chip: Snapdragon 8 Gen 1
RAM: 12 GB
Dung lượng: 256 GB
Camera sau: Chính 108 MP & Phụ 12 MP, 10 MP, 10 MP
Pin, Sạc: 5000 mAh45 W"
cần bán iPhone X 64g màu đen quốc tế fu cn,3.150.000 đ,"['https://cdn.chotot.com/EgRWCft7b6GKdLwjG1iH82sjkQTLqzZtxuE5wBbS8CM/preset:view/plain/543db9546cdd41a9dbd4da42942d1f1f-2799984397569541444.jpg', 'data:image/gif;base64,R0lGODlhAQABAIAAAAAAAP///yH5BAEAAAAALAAAAAABAAEAAAIBRAA7']",máy đang xài bình thường.loa to rõ.pin lì.camera rõ nét.nói chung là máy ko bị lỗi lầm gì.ae cần thì liên hệ e nhé
Bán mấy dt như hình.,2.000.000 đ,"['data:image/gif;base64,R0lGODlhAQABAIAAAAAAAP///yH5BAEAAAAALAAAAAABAAEAAAIBRAA7', 'https://cdn.chotot.com/NT4xG3MdWaInw3wWw7Kotfyu41Wywlq-OIBvdMfqlzI/preset:view/plain/d6a7c330b97d995d9bc74a7c1bc63d48-2799984694333858317.jpg']",Còn mới. Hoạt động bình thường. Có thể xem hàng trực tiếp để chốt
iphone 12 PRM 128G Xanh QT đẹp fulbox còn BH,10.800.000 đ,"['data:image/gif;base64,R0lGODlhAQABAIAAAAAAAP///yH5BAEAAAAALAAAAAABAAEAAAIBRAA7', 'https://cdn.chotot.com/kD6-8j6kmdBgHXtwXlZksiMBl015xHd3gaq5Kw6FVrU/preset:view/plain/124529b76443950cd82a2158621f216a-2799674755625741680.jpg']","Mình Lên đời máy khác nên cần bán trong ngày một iphone 12 PRM 128G máy mình đang sữ dụng như hình chụp ! Máy lúc trước mình mua fulbox đập hộp ra dùng luôn và còn BH qua băm 2023 chính hãng nữa nhé . Máy nhà sữ dụng nên mọi chức năng máy đều sài ổn định hết, không có một lổi nhỏ lỗi vặt nào hết. Face id yếu.lúc được lúc không . Pin trâu , camera x1 x2 sắc nét . Nói chung mọi thứ đều hoạt động bình thường nghiêm chỉnh hết . Icluod chính chủ luôn bao mọi người reset máy thoải mái . Máy mình cam kết chưa qua thay sữa gì hết mọi thứ đều nguyên zin . Ngoại hình đẹp 99 vì mình dùng rất kỉ.Mọi người cứ qua test máy thoải mái nhé hài lòng r mua không sao hết ạ . Mình có bảo hành trách nhiệm cho mọi người về dùng thử 1 tuần đổi trả trải nghiệm nhé . Máy có phụ kiện sạc tai nge đầy đủ theo máy.ai có nhu cầu thì liên hệ mình ạ . Cảm ơn mọi người đả xem tin"
Em cần mua xác xiaomi s2,12.345 đ,[],Em cần mua xác xiaomi redmi s2 vỡ màn. Còn full chức năng. Bác nào có cho em xin giá em qua mua ạ. Em cảm ơn
Xiaomi redmi note 7,1.500.000 đ,"['https://cdn.chotot.com/8sZS5rMQmatjb6qm_boAirMVzLQBbek4yh6_SFQZxGo/preset:view/plain/fffa8ee84af18f91c98ae06081ddf8d4-2799984653075435868.jpg', 'data:image/gif;base64,R0lGODlhAQABAIAAAAAAAP///yH5BAEAAAAALAAAAAABAAEAAAIBRAA7']","Máy dùng mượt 
Ram 3/32 cam đẹp
Vân tay khuôn mặt đầy đủ
Bán máy có sạc"
HP mỏng đẹp 97% i3 4Gb SSD 128GB pin 2h mượt,3.333.333 đ,"['data:image/gif;base64,R0lGODlhAQABAIAAAAAAAP///yH5BAEAAAAALAAAAAABAAEAAAIBRAA7', 'https://cdn.chotot.com/fniQnj_FOTciP4OIpz6y4Yb1aoJGCQWTl6aQxAfNoPY/preset:view/plain/555e1b2c1aba497acc2a5ea0434bcf0d-2799984719061722094.jpg']","🎉Đăng em Laptop HP zin ngoại hình ưa nhìn mỏng đẹp, cấu hình xài văn phòng học tập mượt mà.

⚙️Cấu hình chi tiết:
✅CPU i3 4030U bus 2.0GHz chạy mượt mát.
✅Ram 4GB DDR3L bus 1600MHz.
✅Ổ cứng SSD 120GB chạy Win cực nhanh.
✅Màn hình HD Led 14 inch hiện thị rõ sắc nét.
✅Đầy đủ các cổng kết nối, pin xài gần 2h sạc đủ loa to rõ.
✅Máy chạy mượt Win 10. Camera micro rõ nét.
✅Máy ngoại hình ưa nhìn zin 97% sờn nhẹ, phù hợp mua xài học tập làm việc giải trí nhẹ nhàng ok.

💰💰💰cực tốt chỉ 3,333,333 cho em Laptop thời trang mỏng nhẹ chạy mượt.

 🛠Bảo hành 3 tháng phần cứng nghiêm chỉnh. Tặng chuột + túi chống sốc! Freeship phạm vi 5km xa hơn phụ thu tiền xăng, có shipcod xa chỉ cọc 500k ship mọi miền Việt Nam.

 ✅Có hỗ trợ quẹt thẻ, cà thẻ tín dụng, trả góp qua thẻ tín dụng liên kết 24 ngân hàng tại Việt Nam."
Ipad air 2020 64Gb wifi 10.9 inch,9.300.000 đ,"['https://cdn.chotot.com/-hmLCTu0YqZ4S349KA2w2nZFObcWtqAcd9zRA2vZagA/preset:view/plain/d71aa4b36b6cf166755bd1a47c21794a-2799984361749627505.jpg', 'data:image/gif;base64,R0lGODlhAQABAIAAAAAAAP///yH5BAEAAAAALAAAAAABAAEAAAIBRAA7']","Máy mua mới tại FPT, do ít dùng nên còn mới 99%, không một vết xước, Full box, đủ phụ kiện chính hãng.
Pin trâu, xem youtube 10-12 tiếng, mượt mà.
Bao dùng, bao test, fix mạnh cho bạn nào nhiệt tình.
Xem máy tại nhà ở 25/14 đất thánh, tân bình, tphcm.
Liên hệ sớm, có giá tốt. Ngoài ra còn dư cái bút cảm ứng, pass lại giá rẻ 350k cho bạn nào muốn học vẽ trên ipad. Thanks."
iPad Pro M1 5G 256Gb 11inch New KíchOn 8/2023 Mới,21.490.000 đ,"['data:image/gif;base64,R0lGODlhAQABAIAAAAAAAP///yH5BAEAAAAALAAAAAABAAEAAAIBRAA7', 'https://cdn.chotot.com/PVab_Ry9_SfUolkvgE4DkHLd9TgS2Ut8gK-dKRhR04A/preset:view/plain/693e814b20ceabda82f5ff7bc2566097-2794181102526633836.jpg']","Lại Là Super HÍM Nè ACE 

Ối Zàng Ơi Hím Lunnnn
iPad Pro M1 5G 256Gb 11inch New KíchOn Openbox 8/2023

Giá siêu OK Tiết Kiệm Hơn Hãng THA HỒ

MT Mobile 
Apple Authorized Reseller 

Hỗ trợ quẹt thẻ , trả góp và trả góp từ xa với thẻ tín dụng 
FreeShip Toàn THẾ GIỚI khi MUA
ACE call trực tiếp để hỗ trợ tốt ạ TKS all"
Thùng cpu văn phòng H61 i5 2500k ram 8g ssd,1.500.000 đ,"['data:image/gif;base64,R0lGODlhAQABAIAAAAAAAP///yH5BAEAAAAALAAAAAABAAEAAAIBRAA7', 'https://cdn.chotot.com/2qXg3KO8TpS8iFYbzhR5HBdeIz2XcD9r1OnyHoLb_BI/preset:view/plain/9d73363966992fbd5cf1ea336a9e3ae3-2799984595075319108.jpg']","Hàng thanh lí, chạy mạnh tất cả ứng dụng văn phòng, youtobe,nghe nhạc, câuz hình h61 i5 2500k dòng cpu mạnh hơn 2500 thường, ram 8g, ssd 120g chạy win 10 siêu nhanh, case nguồn gọn đẹp chuẩn văn phòng"
Bán nhanh apple watch seri 5 size 44mm còn đẹp,4.500.000 đ,"['https://cdn.chotot.com/PJtq7dhDdE36ZuvDVCsZlSsL3NaGwOjD-vyImIHNf80/preset:view/plain/ac0de2967d9ec20c4b6b44a82407f1be-2799542758300847757.jpg', 'data:image/gif;base64,R0lGODlhAQABAIAAAAAAAP///yH5BAEAAAAALAAAAAABAAEAAAIBRAA7']","Mình cần bán chiếc đồng hồ apple watch seri 5 size 44mm như hình. Máy đang dùng rất ngon ko có bất kỳ lỗi gì.
Mình bán nhanh 4tr5 . Còn đầy đủ phụ kiện sạc và dây đeo cao su.
Bạn nào cần thì ibox hoặc alo mình."
iphone 12 ProMax 128G Gold QT zin áp BH tgdd dài,12.900.000 đ,"['https://cdn.chotot.com/5X077G-Cal9ARy3xDoEItbeJQ2p3AmcxLqv2EFPFbkE/preset:view/plain/8044dc571f741a017118e072dc2177bd-2795633881938790364.jpg', 'data:image/gif;base64,R0lGODlhAQABAIAAAAAAAP///yH5BAEAAAAALAAAAAABAAEAAAIBRAA7']",Lên đời mua iPhone 13 PRM nên cần bán cây iPhone 12 PRM 128G đang sài quốc tế của mình đang dùng.máy dùng cũng được nửa năm rồi còn bảo hành của TGDĐ.máy mình sài rất kĩ có dán keo ốp lưng cường lực đầy đủ không trầy xước hay cấn chỗ nào nên còn rất leng keng ngoại hình cỡ 99% nhé.đập hộp ra sài đến giờ chưa bung sửa hay thay bất cứ thứ gì.nguyên zin nguyên bản của apple.imei khay sim trùng máy trùng hộp luôn.qua chỉ cần check là biết chính hãng của Apple.chức năng thì full hết không có lỗi lầm gì cả.test ra lỗi cho luôn máy.Face ID thì rất nhạy trạm là mở liền.iclod chính chủ của mình đang dùng.thoát ra reset cài đặt lại máy thoải mái mà không sợ icloud ẩn.pin thì cầm lâu nge gọi lướt wed cỡ ngày rưỡi.loa to rõ không rè xíu nào cả.bao các bạn test kiểu gì cũng được nha.phụ kiện zin theo máy vẫn còn.mua máy thì tới nhà mình test và có bảo hành trách nhiệm 7 ngày cho mọi người yên tâm.cảm ơn chợ đã duyệt tin cho em bán điện thoại.
Thanh lý 30 màn hình Dell 19 led đẹp,750.000 đ,"['data:image/gif;base64,R0lGODlhAQABAIAAAAAAAP///yH5BAEAAAAALAAAAAABAAEAAAIBRAA7', 'https://cdn.chotot.com/Xrs7GKnCfrzQEtDL_2HhcI_XKy__Pdjaj2hAPw0Ztmw/preset:view/plain/38389d9add4bef267ccc3c1445a5a7f5-2799977382986297650.jpg']","Thanh lý công ty dư 30c màn hình dell model 1913 vuông đèn led đẹp ko lổi giá 750k/c có bán lẻ. Tặng cáp nguồn và vga , bảo hành 1 tháng đổi mới. Màn hình thương hiệu dell bền đẹp chính hãng màu chuẩn cho ae làm đồ hoạ hình ảnh chuẩn"
mac mini 2010,2.500.000 đ,"['https://cdn.chotot.com/ebXE-acIYFyqKlXuCwES3U6ZaphWVIcdGa4f3Jq4uwk/preset:view/plain/82d49b4e2509357f78cadd3e4f35c962-2799984592724902513.jpg', 'data:image/gif;base64,R0lGODlhAQABAIAAAAAAAP///yH5BAEAAAAALAAAAAABAAEAAAIBRAA7']","Mac mini 2010
Dư dùng thanh lý chỉ máy và dây nguồn.
Ưu tiên ai có màn hình để test vì mình bán hết rồi chỉ còn máy."
JBL 4312A control monitor,19.500.000 đ,"['https://cdn.chotot.com/XoZUKU1UohRDb6_dMI3yrgdP8r3kk_ijINf5aRRwpKI/preset:view/plain/8200bc3223a8daada7a4bd17870d0aa0-2799984562973713002.jpg', 'data:image/gif;base64,R0lGODlhAQABAIAAAAAAAP///yH5BAEAAAAALAAAAAABAAEAAAIBRAA7']","Loa JBL 4312A control monitor
Bass 30cm, loa đẹp như hình"
Xả kho s9 zin 4l64 ngon mượt mà đỉnhCó BH/góp/ship,2.390.000 đ,"['data:image/gif;base64,R0lGODlhAQABAIAAAAAAAP///yH5BAEAAAAALAAAAAABAAEAAAIBRAA7', 'https://cdn.chotot.com/FwzcILJRqFcu3Gho1uq2NaWYQ2A60IrS8L2xRM7K_HA/preset:view/plain/6fdd63d3ba902fa81dff81b7c8de5421-2799984288598836548.jpg']","Xả Kho:S9 zin cấu hình mạnh , nguyên zin chức năng full hết không lỗi lầm, pin bao ngon 
Ram/rom:4l64 full chức năng 
Giá:4l64 full CN mượt mà ạ
Chỉ còn vài chục máy anh chị pm zalo hoặc call ngay để chốt đơn kẻo bỏ lỡ Siêu phẩm mất ạ 
---------------------------
🏠Địa Chỉ: 111 Đặng Văn Ngữ P14 Q Phú Nhuận 
👉 Bảo Hành Đầy Đủ 
👉Hỗ Trợ Trả Góp, Duyệt Nhanh 
👉Ship Code Toàn Quốc 
☎ Call Hoặc Nhắn Zalo nhé 👌"
huawei Y9s ram 6/128gb cam thụt thò chất,1.888.000 đ,"['data:image/gif;base64,R0lGODlhAQABAIAAAAAAAP///yH5BAEAAAAALAAAAAABAAEAAAIBRAA7', 'https://cdn.chotot.com/pSltPEfioKin_a9DXHojjvZdpqE_n9qYCLw3EjRn5NE/preset:view/plain/65f4c417e9e992e3f4ac6002588d7b2e-2799984687653802332.jpg']","Máy dùng full chức năng ko lỗi gì
Pin trâu sóng khỏe"
bán len canon 70-200L IS II rất mới BMW fiter,25.500.000 đ,"['https://cdn.chotot.com/ilozVcP4y9z3u6uTEaGEWPsEHvVd217uMCgS87dea4g/preset:view/plain/990f325458a45a3acc275f851218bb27-2799674197642775276.jpg', 'data:image/gif;base64,R0lGODlhAQABAIAAAAAAAP///yH5BAEAAAAALAAAAAABAAEAAAIBRAA7']",bỏ cuộc chơi body đã bán còn lại len 70-200L IS II keng kính hoàn hảo lắp fiter BMW từ lúc mua cáp hood ring đầy đủ len còn mới tinh hoạt động cực chuẩn giá bán :25tr500 ae cần LH em ở TPHCM quận bình thạnh
Màn Phụ LG V50S/G8X Kèm Chấu Sạc,1.000.000 đ,"['https://cdn.chotot.com/bOE_K8Df2TBptMFYJBggLafHINN334ANFDYmW4Hnw6w/preset:view/plain/df07709c33e7db92353cbba60898ebe4-2799984535883728196.jpg', 'data:image/gif;base64,R0lGODlhAQABAIAAAAAAAP///yH5BAEAAAAALAAAAAABAAEAAAIBRAA7']","- Màn phụ dùng cho Lg V50s hoặc G8x
- Tình trạng như mới, sử dụng được vài lần, có kèm chấu sạc nam châm
- Giá bán: 1 Triệu (no fix)
- Giao dịch tại Hà Đông."
IPHONE 12 PRO ✅GÓP 0Đ BAO ĐẬU( CÓ ĐỔI MÁY ) ✅,12.300.000 đ,"['https://cdn.chotot.com/pQG6CABe0IaIXOONte7gg0nGC57tKuAKZfniLBshySc/preset:view/plain/7ede4b75e4411b1bd3ffbd0a62bbad50-2781847863844117780.jpg', 'data:image/gif;base64,R0lGODlhAQABAIAAAAAAAP///yH5BAEAAAAALAAAAAABAAEAAAIBRAA7']","⭐️⭐️⭐️ ONE MOBILE: ĐỊA CHỈ MUA IPHONE UY TÍN TẠI TP HỒ CHÍ MINH⭐️⭐️⭐️

Địa chỉ: Số 62 Nguyễn Phúc Nguyên p9.Q3
Sản phẩm : IP 12 Pro 128gb
Giá bán từ: 12.300.000Đ
=================
⚡THỦ TỤC MUA TRẢ GÓP CẦN: - CMND + GPLX( hoặc SHK). 
- Không cần chứng minh thu nhập
- Không giữ lại giấy tờ gốc. 
- Áp dụng toàn quốc từ 20 tuổi trở lên. - Thời gian xét duyệt nhanh (10 - 20phút) . 

🏦 HỔ TRỢ TRẢ GÓP 0% QUA THẺ TÍN DỤNG/THẺ VISA (KHÔNG CẦN THẨM ĐỊNH, KHÔNG CẦN TRẢ TRƯỚC) 

🍏ONE MOBILE CAM KẾT: 
⭐️ Chỉ bán máy nguyên zin chính hãng Apple 
⭐️ Nói không với hàng giả, hàng nhái. 
⭐️ Hoàn lại tiền 10 lần nếu phát hiện hàng giả hàng nhái . 
⭐️ Chế độ bảo hành #UY_TÍN . Không gây khó khăn hay đổi lỗi cho khách hàng trong trường hợp máy có lỗi nhà cung cấp. 

💫 CHẾ ĐỘ BẢO HÀNH VÀ ĐỔI TRẢ: 
🔥 Bảo hành 12 Tháng Phần Cứng 
🔥 Đổi mới 15 ngày đối với máy cũ ( Miễn phí, không hạn chế số lần đổi ). 
🔥 Dán cường lực miễn phí 12 tháng. 
🔥 Bảo hành phần mềm trọn đời máy . 
🌟 QUYỀN LỢI KHÁCH HÀNG ĐẦY ĐỦ"
✅IPHONE 13PRM -THU CŨ ĐỔI MÁY MỚI (Góp 0%)✅,22.499.000 đ,"['data:image/gif;base64,R0lGODlhAQABAIAAAAAAAP///yH5BAEAAAAALAAAAAABAAEAAAIBRAA7', 'https://cdn.chotot.com/q28Y_abOL3t66gpoIsF09zPQSosDNw3MugNAsyq2pnA/preset:view/plain/579457a2519f26c8bfdbe55ba2319e3a-2781847244313322557.jpg']","TP HỒ CHÍ MINH⭐️⭐️⭐️

Địa chỉ: Số 62 Nguyễn Phúc Nguyên p9.Q3
Sản phẩm : IP 13PRM Qt Mỹ
Giá bán từ: 22.499.000₫
=================== 
⚡THỦ TỤC MUA TRẢ GÓP CẦN: - CMND + GPLX( hoặc SHK). 
- Không cần chứng minh thu nhập. 
- Không giữ lại giấy tờ gốc. 
- Áp dụng toàn quốc từ 20 tuổi trở lên. - Thời gian xét duyệt nhanh (10 - 20phút) . 

🏦 HỔ TRỢ TRẢ GÓP 0% QUA THẺ TÍN DỤNG/THẺ VISA (KHÔNG CẦN THẨM ĐỊNH, KHÔNG CẦN TRẢ TRƯỚC) 

🍏ONE MOBILE CAM KẾT: 
⭐️ Chỉ bán máy nguyên zin chính hãng Apple 
⭐️ Nói không với hàng giả, hàng nhái. 
⭐️ Hoàn lại tiền 10 lần nếu phát hiện hàng giả hàng nhái . 
⭐️ Chế độ bảo hành #UY_TÍN . Không gây khó khăn hay đổi lỗi cho khách hàng trong trường hợp máy có lỗi nhà cung cấp. 

💫 CHẾ ĐỘ BẢO HÀNH VÀ ĐỔI TRẢ: 
🔥 Bảo hành 12 Tháng Phần Cứng 
🔥 Đổi mới 15 ngày đối với máy cũ ( Miễn phí, không hạn chế số lần đổi ). 
🔥 Dán cường lực miễn phí 12 tháng. 
🔥 Bảo hành phần mềm trọn đời máy . 
🌟 QUYỀN LỢI KHÁCH HÀNG KHI MUA MÁY TẠI ONE IPHONE: 
✔️ Tặng đủ phụ kiện: sạc cáp, cường lực, ốp lưng...(FIX LÊN QUỐC TẾ TRỌN ĐỜI MÂY NẾU MÁY LOCK)
🧑🏻‍💻ONE MOBILE ĐIỂM ĐẾN UY TÍN ĐỂ LỰA CHỌN IPHONE CŨ."
✅IP 11 QTẾ ĐỦ MÀU - GIẢM 2 TRIỆU +UY TÍN ✅,6.499.000 đ,"['https://cdn.chotot.com/xdZEe2OXDHd1TnUBP6fULd8q3D80GtMg5NkQLBOxgmA/preset:view/plain/a38438936ba4e830fab69721cde17482-2748544552032883214.jpg', 'data:image/gif;base64,R0lGODlhAQABAIAAAAAAAP///yH5BAEAAAAALAAAAAABAAEAAAIBRAA7']","⭐️⭐️⭐️ ONE MOBILE: ĐỊA CHỈ MUA IPHONE UY TÍN TẠI TP HỒ CHÍ MINH⭐️⭐️⭐️

Địa chỉ: Số 62 Nguyễn Phúc Nguyên p9.Q3
Sản phẩm : IP 11 Qt Mỹ
Giá bán từ: 6.499.000
=================== 
⚡THỦ TỤC MUA TRẢ GÓP CẦN: - CMND + GPLX( hoặc SHK). 
- Không cần chứng minh thu nhập. 
- Không giữ lại giấy tờ gốc. 
- Áp dụng toàn quốc từ 20 tuổi trở lên. - Thời gian xét duyệt nhanh (10 - 20phút) . 

🏦 HỔ TRỢ TRẢ GÓP 0% QUA THẺ TÍN DỤNG/THẺ VISA (KHÔNG CẦN THẨM ĐỊNH, KHÔNG CẦN TRẢ TRƯỚC) 

🍏ONE MOBILE CAM KẾT: 
⭐️ Chỉ bán máy nguyên zin chính hãng Apple 
⭐️ Nói không với hàng giả, hàng nhái. 
⭐️ Hoàn lại tiền 10 lần nếu phát hiện hàng giả hàng nhái . 
⭐️ Chế độ bảo hành #UY_TÍN . Không gây khó khăn hay đổi lỗi cho khách hàng trong trường hợp máy có lỗi nhà cung cấp. 

💫 CHẾ ĐỘ BẢO HÀNH VÀ ĐỔI TRẢ: 
🔥 Bảo hành 12 Tháng Phần Cứng 
🔥 Đổi mới 15 ngày đối với máy cũ ( Miễn phí, không hạn chế số lần đổi ). 
🔥 Dán cường lực miễn phí 12 tháng. 
🔥 Bảo hành phần mềm trọn đời máy . 
🌟 QUYỀN LỢI KHÁCH HÀNG KHI MUA MÁY TẠI ONE IPHONE: 
✔️ Tặng đủ phụ kiện: sạc cáp, cường lực, ốp lưng...(FIX LÊN QUỐC TẾ TRỌN ĐỜI MÂY NẾU MÁY LOCK)
🧑🏻‍💻ONE MOBILE ĐIỂM ĐẾN UY TÍN ĐỂ LỰA CHỌN IPHONE CŨ."
💳IP XSMAX QTE 64GB - CÓ TRẢ GÓP- BAO ĐẬU💳,5.399.000 đ,"['data:image/gif;base64,R0lGODlhAQABAIAAAAAAAP///yH5BAEAAAAALAAAAAABAAEAAAIBRAA7', 'https://cdn.chotot.com/7h-ZlHz7Mmq0SLuNY7IHnfPOfoVNUEh-Vr6Vbx-MEr0/preset:view/plain/f205323b36f711aab98b51bcd97ed307-2781847429566796777.jpg']","⭐️⭐️ ONE MOBILE: ĐỊA CHỈ MUA IPHONE UY TÍN TẠI TP HỒ CHÍ MINH⭐️⭐️⭐️

Địa chỉ: Số 62 Nguyễn Phúc Nguyên p9.Q3
Sản phẩm : XS MAX 64G QT
Giá bán từ: 5.399.000
⚡THỦ TỤC MUA TRẢ GÓP CẦN: - CMND + GPLX( hoặc SHK). 
- Không cần chứng minh thu nhập. 
- Không giữ lại giấy tờ gốc. 
- Áp dụng toàn quốc từ 20 tuổi trở lên. - Thời gian xét duyệt nhanh (10 - 20phút) . 

🏦 HỔ TRỢ TRẢ GÓP 0% QUA THẺ TÍN DỤNG/THẺ VISA (KHÔNG CẦN THẨM ĐỊNH, KHÔNG CẦN TRẢ TRƯỚC) 

🍏ONE MOBILE CAM KẾT: 
⭐️ Chỉ bán máy nguyên zin chính hãng Apple 
⭐️ Nói không với hàng giả, hàng nhái. 
⭐️ Hoàn lại tiền 10 lần nếu phát hiện hàng giả hàng nhái . 
⭐️ Chế độ bảo hành #UY_TÍN . Không gây khó khăn hay đổi lỗi cho khách hàng trong trường hợp máy có lỗi nhà cung cấp. 

💫 CHẾ ĐỘ BẢO HÀNH VÀ ĐỔI TRẢ: 
🔥 Bảo hành 12 Tháng Phần Cứng 
🔥 Đổi mới 15 ngày đối với máy cũ ( Miễn phí, không hạn chế số lần đổi ). 
🔥 Dán cường lực miễn phí 12 tháng. 
🔥 Bảo hành phần mềm trọn đời máy . 
🌟 QUYỀN LỢI KHÁCH HÀNG KHI MUA MÁY TẠI ON"
iPhone 11 64GB Quốc Tế- Có Trả Góp - Có Lên Đời,7.290.000 đ GiáHời,"['data:image/gif;base64,R0lGODlhAQABAIAAAAAAAP///yH5BAEAAAAALAAAAAABAAEAAAIBRAA7', 'https://cdn.chotot.com/-pkqUPttsXsn9Y-GHpP1-ZFV2q6Z_qDFIvTxiwGrZXE/preset:view/plain/da3639fc181ef3fb55b65d50147167ab-2745088136350175841.jpg']","Thu Loan Smarttop cảm ơn quý khách đã lựa chọn tin tưởng chúng tôi!
Sản Phẩm:

- iPhone 11 Quốc Tế 64GB 

Giá:
- iPhone 11 Quốc Tế 64GB nguyên zin 97% pin 8x% giá 7290k
- iPhone 11 Quốc Tế 64GB 98% pin 8x giá 7490k

Full chức năng, main zin, màn zin nguyên zin đúng như mô tả!

✔️ Trả Góp: Qua Chứng Minh Thư Và Bằng Lái Xe ( Hoặc Sổ Hộ Khẩu)
- Trả Góp: Thẻ tín dụng ( thẻ ghi nợ)

✔️ Cam Kết: Hàng Chính Hãng, Bán Đúng Giá Rao, Shop Không bán hàng giả hàng nhái hàng kém chất lượng

✔️ Bảo hành mặc định: Lỗi 1 đổi 1 trong 10 ngày 3 tháng phần cứng

- Khách Có thể mua thêm các gói bảo hành khác.
- giá trên giá máy trần không được tặng cường lực và ốp
- phụ kiện: sạc cáp tai nghe + 200k
🏠 Số 24B - Đường 13 - P. tân Kiểng - Q7 - TP HCM"
iphone 11 quốc tế,6.100.000 đ,"['https://cdn.chotot.com/AyiBxgQAyvTkmhOyUhDqi3m_W6NJJpgBAOAYq_ZJf74/preset:view/plain/22b7365644230ee107c201157c17bfee-2799984784159465997.jpg', 'data:image/gif;base64,R0lGODlhAQABAIAAAAAAAP///yH5BAEAAAAALAAAAAABAAEAAAIBRAA7']","Mình muốn lên iphone khác nên bán iphone 11 này á

Lúc trước vô tình làm rớt nên có thay màn 1 lần

Còn lại chức năng đều ok nha mọi người 

Em bớt thêm nếu ai chốt nhanh cho em nha"
Cặp loa toàn dải. Bas 25.coil 40.điện 100v.,2.500.000 đ,"['data:image/gif;base64,R0lGODlhAQABAIAAAAAAAP///yH5BAEAAAAALAAAAAABAAEAAAIBRAA7', 'https://cdn.chotot.com/oWuUVbp2Lt0TVhewAy6BT-CTtZzpkLEgE4tb3VTxhsU/preset:view/plain/ac3043d912b320e7eae86ba58d54c054-2797399122411576354.jpg']",Bán cặp loa toàn dải bas 25.coil 40.zin đẹp. Loa có công xuất. Điện 100v..chất âm quá hây. Hàng bãi nhật
samsung A72018 bản 6/128gb,1.800.000 đ,"['https://cdn.chotot.com/q1pRIuUImgO70tbGrUYo8z0WGgp4wiYk-Wmo1sODOZg/preset:view/plain/107d65177896341928c4d2fbfb0e8156-2799978109154607415.jpg', 'data:image/gif;base64,R0lGODlhAQABAIAAAAAAAP///yH5BAEAAAAALAAAAAABAAEAAAIBRAA7']","kẹt tiền bán, máy chính hãng, full chức năng, bản ram 6/128gb ko lỗi lầm, giao dịch tại nhà, quan tâm liên hệ"
"Oppo neo 5 giải trí chữa cháy YouTube, zalo full..",450.000 đ,"['https://cdn.chotot.com/bRrR-x14CL50dDF0cI34o_IYqoj2KoY0h-t9jf_hwgU/preset:view/plain/7c6c5e4bb4bd8122f121db7f4aa2958c-2799978115957975423.jpg', 'data:image/gif;base64,R0lGODlhAQABAIAAAAAAAP///yH5BAEAAAAALAAAAAABAAEAAAIBRAA7']","Oppo neo 5 chính hãng TGDĐ 16GB
giải trí chữa cháy vô địch !
Cho con em xem Youtube trực tiếp ok .
Có hỗ trợ zalo , Facebook.. đầy đủ
máy full chức năng bao test thoải mái 

Ai cần vui lòng liên hệ em qua sđt :
Thank anh chị đã xem tin !
Cảm ơn chotot ."
Camera mini Insta 360 go 2,3.000.000 đ,"['data:image/gif;base64,R0lGODlhAQABAIAAAAAAAP///yH5BAEAAAAALAAAAAABAAEAAAIBRAA7', 'https://cdn.chotot.com/_8UxjoqMBjpFroTwQPxGxk262xpffqdBREKLzPck8Tc/preset:view/plain/51436daf3734576d6b8a5aa674a55b44-2799984663883198770.jpg']","- Fix giá nhanh nếu ra đi trong ngày
- Tất cả các chức năng sử dụng tốt
- Ngoại hình như trên ảnh"
iphone 6s,1.000.000 đ,"['data:image/gif;base64,R0lGODlhAQABAIAAAAAAAP///yH5BAEAAAAALAAAAAABAAEAAAIBRAA7', 'https://cdn.chotot.com/ncGGZ_L7ptORRlzJ24AkokmAYeAralAEv8tWk7EE2_8/preset:view/plain/c1928ee3d5de3f6586844202fde32f9f-2799984351598986564.jpg']","cần bán đt t.cả đều bth 
vân tay nhạy
âm thanh đầy đủ"
Thanh lý Máy tính văn phòng cực mới.,5.500.000 đ,"['https://cdn.chotot.com/9OkiNpOu-MrpumyPcV_WwKxAH2-u-PemqyFhcpr08eM/preset:view/plain/d4a27af25c4f1b3e772e56fb32df6a7b-2799146386780097634.jpg', 'data:image/gif;base64,R0lGODlhAQABAIAAAAAAAP///yH5BAEAAAAALAAAAAABAAEAAAIBRAA7']","4 máy tính để bàn văn phòng.
Đầy đủ phụ kiện: chuột, bàn phím, webcam, và màn hình acer 19"" như ảnh
Thông số: Core i5, Ram 12gb (nâng cấp), bộ nhớ 1Tb
- Chính hãng Phong vũ có hoá đơn.
- Mua 3 năm nhưng Sử dụng ít do dịch Covid. Vẫn còn mới và mạnh.
- Chưa bóc zin sữa chữa.
Pass: 5.500.000 Mua và xem máy tại Q12."
Về Ngập NOTE 9 Ram 6G|128G|512G.NGon💕RẺ Ngất💋,3.590.000 đ,[],"😍Vừa Về 70c Samsung Galaxy NOTE 9 Ram 6G/ 128G. 8G| 512G Máy 1Sim| 2SIM. HOT Strend tấp lập khách mua Chính hãng. Bao ZIN Áp Mạnh. Màn TO, Cấu mạnh, Giá Rẻ Ngất!!!. Đã Test full chức năng chuẩn. 

🌼Cửa Hàng Bán Bảo Hành UY TÍN. 
💋Có Hỗ trợ Trả GÓP Mạnh. 
💋Có Nhận Ship Code Toàn Quốc."
tivi Casper 55UW6000,8.200.000 đ,"['data:image/gif;base64,R0lGODlhAQABAIAAAAAAAP///yH5BAEAAAAALAAAAAABAAEAAAIBRAA7', 'https://cdn.chotot.com/uCCRjrI8r1SL7ETZ051T3CHk9WK22JSR9ubLbiJzgBI/preset:view/plain/b8844bb839d1eab5f5c236b1001a5cb3-2799984775088504110.jpg']",Hành mới 100% nguyên đai nguyên kiện -Điện máy đang bán 8tr7 mìn bán 8tr2 giao hàng nội thành + 50k hành bảo hành chính hãng 1 năm
LG Wing màn xoay zin full có gl,4.100.000 đ,"['https://cdn.chotot.com/ys4ERZ5txJhU0wVMQFcmRBLC85eLX3Sp_IXWDg8fCzQ/preset:view/plain/94c5cfc99cd03623a71d8ac1e2840018-2799842761579704502.jpg', 'data:image/gif;base64,R0lGODlhAQABAIAAAAAAAP///yH5BAEAAAAALAAAAAABAAEAAAIBRAA7']","Bán hoặc giao lưu LG wing màn hình xoay chiếc kéo thần thánh
Máy rơi trầy góc và nứt nhẹ tí lưng
Bản chính hãng Korea 1 sim
Chức năng full bao xài
Màn hình đẹp keng ko ám ố ko trầy xước
Cơ trượt êm, vân tay nhạy
Giá 4tr1 cho siêu phẩm
Có nhận gl bù trừ."
MacBook Air M1 256GB Gold Fullbox hàng Mĩ,19.490.000 đ,"['data:image/gif;base64,R0lGODlhAQABAIAAAAAAAP///yH5BAEAAAAALAAAAAABAAEAAAIBRAA7', 'https://cdn.chotot.com/1uW5AUF_mLVvIWMT1UDM7MPB5J1YZXYLWdesgBsmak4/preset:view/plain/e8e5708f5caa5ba26843a38bf8710e3c-2798963680866497283.jpg']","Macbook Air M1 fullbox màu Gold
cấu hình mạnh mẽ, Pin trâu
chip M1 | RAM 8G | ssd 256
máy siêu lướt 13 lần sạc thôi ạ
✅ Bảo Hành Apple 07/2023
✅ Giá cực tốt = 19tr490
==> Hỗ trợ giao hàng tận nơi
==> Có trả góp qua thẻ tín dụng 
————————
 APPLE ZIN
⚐ 23/1 nguyễn thái bình P4 Tân Bình HCM"
iphone 8plus quốc tế 64gb màu vangg hồng,2.850.000 đ,"['https://cdn.chotot.com/pRL2geaSEC9NiNld7YS70R-i9Vpw-MTzCem0UEKHXKo/preset:view/plain/bb439dca11f5d4ab7b5033c48e83d853-2799574094660409666.jpg', 'data:image/gif;base64,R0lGODlhAQABAIAAAAAAAP///yH5BAEAAAAALAAAAAABAAEAAAIBRAA7']","Cần bán iphone 8plus bản VN/A bộ nhớ trong 64gb màu đen máy nguyên bản từ khi mua tới gio chưa qua sửa chưa
Mọi chức năng theo máy vẫn đang hoạt động bình thường 
Vân tay còn 
Pin chai nhẹ nghe gọi thả ga
Máy nhỏ gọn thích hợp làm máy phụ 
Camera chụp đẹp 
Nói chung la máy còn đầy đủ chức năng zin mọi thứ 
Ngoại hình đẹp 
Phụ kiện có sạc thôi 
Thiện chí mua thì alo mình"
XÃ NHANH CARD MÀN HÌNH GV N630 2GB NHƯ HÌNH,499.999 đ,"['data:image/gif;base64,R0lGODlhAQABAIAAAAAAAP///yH5BAEAAAAALAAAAAABAAEAAAIBRAA7', 'https://cdn.chotot.com/LgyuWisFcXBNgo720YEgLUXgoVvm8U6hTi0xma1YqRQ/preset:view/plain/a6fc0d069a3e49e261784baf08dde78a-2799984383274960196.jpg']","Card rin không sửa chữa 
Lăp máy chạy tốt
Hỗ trợ các cổng như hình"
Thanh lý lẻ tai trái airpods 3,800.000 đ,"['https://cdn.chotot.com/wZBQeBwKH5Eb3ovvWvPPU7Q7ZNJ_vSDnE5hwIgCZKUA/preset:view/plain/650a0adb423dd6cb8ac77db2fb3037b2-2799984960394132404.jpg', 'data:image/gif;base64,R0lGODlhAQABAIAAAAAAAP///yH5BAEAAAAALAAAAAABAAEAAAIBRAA7']",Cần thanh lý tai lẻ trái airpods 3 giảm nhẹ cho ae thiện chí
acer -likenew-ram 8gb-15in máy siêu mượt mà,3.900.000 đ,"['https://cdn.chotot.com/HpjnVsSQM3hGrEesloJLG8hWHQfhLC8D282m0Ey0aII/preset:view/plain/cf49ec7263c712f82ac1d0420e81b644-2799984209668438964.jpg', 'data:image/gif;base64,R0lGODlhAQABAIAAAAAAAP///yH5BAEAAAAALAAAAAABAAEAAAIBRAA7']","laptop acer -chip betium
màn 15in
Một số dòng laptop chạy CPU và Pentium
------------------
Thiết kế: Vỏ kim loại, nặng 1.4 kg.
Kích thước: Dài 310 mm - Rộng 229.5 mm - Dày 20.6 mm.
Bộ xử lý: CPU betium N4200, 1.1 Ghz.
Cổng kết nối: Jack tai nghe 3.5 mm, USB 3.0, USB Type-C.
Tính năng khác: Công nghệ âm thanh ALC269.
------------------------------------------
Dùng thử 1 đổi 1 trong 5 ngày
🎯 Trả góp lãi suất 0% với thẻ tín dụng, chỉ từ 1% khi trả góp thường, chỉ cần CMND &
Bằng lái xe
--------------------------------
🎯 Ship COD toàn quốc, kiểm tra trước khi thanh toán
🎯 Hỗ trợ 50% chi phí nâng cấp linh kiện.
🎯 Bảo hành 12 Tháng - 36 Tháng .

***********CLIK VÀO CỬA HÀNG ĐỂ XEM THÊM SẢN PHẨM**********************

🏛️𝐂𝐨̛̉ 𝐒𝐨̛̉ 1: 𝟒𝟒𝟒 𝐓𝐫𝐚̂̀𝐧 𝐂𝐚𝐨 𝐕𝐚̂𝐧, 𝐓𝐡𝐚𝐧𝐡 𝐊𝐡𝐞̂, Đ𝐚̀ 𝐍𝐚̆̃𝐧𝐠
🏛️𝐂𝐨̛̉ 𝐒𝐨̛̉ 2: 𝟒𝟖𝟒 𝐍𝐮́𝐢 𝐓𝐡𝐚̀𝐧𝐡, 𝐇𝐚̉𝐢 𝐂𝐡𝐚̂𝐮, Đ𝐚̀ 𝐍𝐚̆̃𝐧𝐠
🏛️𝐂𝐨̛̉ 𝐒𝐨̛̉ 3: 𝟏𝟏𝟒 𝐇𝐚̀𝐦 𝐍𝐠𝐡𝐢, 𝐓𝐡𝐚𝐧𝐡 𝐊𝐡𝐞̂, Đ𝐚̀ 𝐍𝐚̆̃𝐧𝐠"
iphone 12 Pro Max 256G Xanh QT zin áp BH tgdd,13.900.000 đ,"['data:image/gif;base64,R0lGODlhAQABAIAAAAAAAP///yH5BAEAAAAALAAAAAABAAEAAAIBRAA7', 'https://cdn.chotot.com/UIAIUWWFrfTXesei6JEsuLqVOhPRnUgEGK4spxgchSg/preset:view/plain/eee085fc58af77fecf77cc25ccf62e4f-2799832792479581410.jpg']","Mình Lên đời máy khác nên cần bán trong ngày một iphone 12 PRM 256G máy mình đang sữ dụng như hình chụp ! Máy lúc trước mình mua fulbox đập hộp ra dùng luôn và còn BH qua năm 2023 chính hãng nữa nhé . Máy nhà sữ dụng nên mọi chức năng máy đều sài ổn định hết, không có một lổi nhỏ lỗi vặt nào hết. Face id rất nhạy . Pin trâu , camera x1 x2 sắc nét . Nói chung mọi thứ đều hoạt động bình thường nghiêm chỉnh hết . Icluod chính chủ luôn bao mọi người reset máy thoải mái . Máy mình cam kết chưa qua thay sữa gì hết mọi thứ đều nguyên zin . Ngoại hình đẹp 99 vì mình dùng rất kỉ.Mọi người cứ qua test máy thoải mái nhé hài lòng r mua không sao hết ạ . Mình có bảo hành trách nhiệm cho mọi người về dùng thử 1 tuần đổi trả trải nghiệm nhé . Máy có phụ kiện sạc tai nge đầy đủ theo máy.ai có nhu cầu thì liên hệ mình ạ . Cảm ơn mọi người đả xem tin"
PLE IPHONE 11 PRO MAX 64GB_256GB🎉 FULL ZIN 📌,6.300.000 đ,"['data:image/gif;base64,R0lGODlhAQABAIAAAAAAAP///yH5BAEAAAAALAAAAAABAAEAAAIBRAA7', 'https://cdn.chotot.com/8hKPN4koMGpmFdJrYBQ1ns-RjnggAs2dut_t73AaWSw/preset:view/plain/693363b3b6ac8dce113bd89f6f70dc95-2783203854032778392.jpg']","🔥 VIP MOBILE: ĐỊA CHỈ BÁN ĐIỆN THOẠI UY TÍN LÂU NĂM TẠI CẦN THƠ 🔥🔥

Đc Số: 74_XÔ VIẾT NGHỆ TĨNH_AN CƯ_NINH KIỀU_CẦN THƠ
• Sản phẩm : APPLE IPHONE 11 PRO MAX 64GB_256GB
 ✅Giá: 6.300.00₫

HỖ TRỢ GÓP #0Đ✅ QUA NHIỀU N.HÀNG CHỈ CẦN: 
👉 Đủ 18T: Cmnd/Cccd + Shk/Blx 
👉 Đủ 20T: Cmnd/Cccd
👉Duyệt nhanh trong 15p
👉Không cần trả trc 
👉 Không giữ giấy tờ

#ĐẶC_BIỆT: Góp 0% trong 5p qua thẻ Tín Dụng( Visa, Mastercard,…) 

✅ VIP MOBILE CAM KẾT: 
✔️ Chỉ bán máy nguyên zin chính hãng Apple 
✔️ Hoàn lại tiền 10 lần nếu phát hiện hàng giả

✅CHẾ ĐỘ BẢO HÀNH VÀ ĐỔI TRẢ: 
📌Bảo hành lên đến 12 Tháng
📌1 Đổi 1 trong 15 ngày hoàn toàn MIỄN PHÍ

✅QUYỀN LỢI KHÁCH HÀNG KHI MUA MÁY TẠI SHOP :
✔️ Tặng đủ phụ kiện: sạc cáp, cường lực, ốp lưng...(sim ghép đối với máy lock)
✔️ Hỗ trợ khách hàng có nhu cầu lên đời máy.

🧑🏻‍💻 VIP MOBILE ĐIỂM ĐẾN UY TÍN ĐỂ LỰA CHỌN IPHONE CŨ 🎁"
Samsung A12 4/128GB,2.100.000 đ,"['data:image/gif;base64,R0lGODlhAQABAIAAAAAAAP///yH5BAEAAAAALAAAAAABAAEAAAIBRAA7', 'https://cdn.chotot.com/GraPuIrLcFpvlalengl3cNrw-9lQNfT6it8iBp0Igu0/preset:view/plain/bd9c46e02b1c33bf830be7faac575579-2799984258826140596.jpg']",Máy còn đẹp. Sài cực oke. Pin lâu. Bản 4/128GB ai mua gọi em cho nhanh ạ
12 PRO MAX GÓP BAO NỢ XẤU TOÀN QUỐC,18.300.000 đ,"['data:image/gif;base64,R0lGODlhAQABAIAAAAAAAP///yH5BAEAAAAALAAAAAABAAEAAAIBRAA7', 'https://cdn.chotot.com/nkR_0mXBobX5jDKkgNNv-MFh-TTjldE8VJGhUPkEe5s/preset:view/plain/d5ce393f1988798f2b566a20cd77a89f-2799694852722717692.jpg']","📍FAN TÁO chuyên kinh doanh iPhone chuẩn Quốc Tế New 100% và Like New 99%

📌 Bán góp bao nợ xấu BAO ĐẬU!

📍 Bán góp qua ngân hàng. Trả trước 0đ

📍Chỉ cần CMND/CCCD có thêm GPLX/BHYT thì càng tốt.
👉 Bảo hành 365 ngày
👉 Tặng gói chăm sóc máy, dân cường lực, ốp lưng miễn phí trọn đời.
👉 Tặng Fill phụ kiện sạc nhanh

❤️ Góp qua cửa hàng cần đưa trước 40-50% giá trị máy.❤️ Bao Đậu ❤️

- Shop giữ giấy tờ 1 tháng đầu
- Trong quá trình góp mình vẫn dùng và tải ứng dụng bình thường. Vẫn dùng icloud của mình ! Shop chỉ ẩn icloud đi thôi!

📍 Shop không bán hàng Look giá rẻ nên quý khách thông cảm đừng hỏi!

👉 Quý khách chuẩn bị đầy đủ giấy tờ và điện thoại của mình khi qua shop làm hồ sơ!

🚀 FAN TÁO : Ô 50 , D1, KDC Việt Sing, Thuận An, Bình Dương"
Điện thoại iphone xs QT lên đời iphone 13 pro,5.000.000 đ,"['data:image/gif;base64,R0lGODlhAQABAIAAAAAAAP///yH5BAEAAAAALAAAAAABAAEAAAIBRAA7', 'https://cdn.chotot.com/2Ow9m957V3YjCnKcD_DnEBY4kg16U44YjaRsXuMpRck/preset:view/plain/c9f2f5011649aab07f8ea5f62972be18-2795075207307462555.jpg']","— bên mình có bán iPhone XS quốc tế mỹ lên vỏ iPhone 13 PRO đẹp zin như mới giống 99,9%

— máy chuẩn quốc tế full chức năng Face ID đầy đủ pin trâu camera nét wifi mạnh sóng khỏe 

— máy sạch reset thoải mái 
— máy quôc tế đút sim là nhận bao quôc tế trọn đời 
— máy kèm đầy đủ phụ kiện 
— bao đổi mới 1 đổi 1 trong 30 ngày bảo hanh 1 năm 
— máy đã được tét kỹ loa nghe gọi to rõ ,wifi sim sóng mạnh ,pin trâu ,camera nét,đèn lesd đầy đủ bao đẹp 
 
🎁🎁🎁🎁 -tặng xạc 20w
 - dán cường lực 
 - tặng ốp lưng
 
 - tặng tại nghe airpos 



🚛Có ship miễn phí HCM và bình dương
Nhận ship cod"
vsmart live ram 6/64gb rin fun gl,2.250.000 đ,"['https://cdn.chotot.com/s4gA96rM9QXMkmvcMaITIBTdnShVdi2hlTLbHcDnPgw/preset:view/plain/55edd4c5bf58441e2eca4bbd93251e7d-2795034302466673275.jpg', 'data:image/gif;base64,R0lGODlhAQABAIAAAAAAAP///yH5BAEAAAAALAAAAAABAAEAAAIBRAA7']",cần bán hay giao lưu mọi thể loại máy đẹp như hình nguyên rin fun chức năng cấu hình mạnh ram 6/64gb màn amoled đẹp vân tay trong màn nhạy cam pin trâu ai cần gọi nha xem máy tân phú thanks
iPad Pro 11 inch 4G 2020 kèm Phím xịn,14.000.000 đ,"['data:image/gif;base64,R0lGODlhAQABAIAAAAAAAP///yH5BAEAAAAALAAAAAABAAEAAAIBRAA7', 'https://cdn.chotot.com/1BE5tLFwhHo81g6d9wLrxTZoQAZ1Bvt1abmQZTXo5Io/preset:view/plain/c1b51837963360de767c6fe4949790e6-2799887795137695938.jpg']","Lên đời nên bán lại iPad Pro 11 inch 2020

✅ Ngoại hình đẹp
✅ Bản 4G, bộ nhớ 128GB
✅ Kèm phím xịn có trackpad, đèn phím"
Amply khủng long,1.000.000 đ,"['data:image/gif;base64,R0lGODlhAQABAIAAAAAAAP///yH5BAEAAAAALAAAAAABAAEAAAIBRAA7', 'https://cdn.chotot.com/_EwduJItW68PsGzl3JbeNZ7NbKz9W_VJqajWAo18heY/preset:view/plain/c5d6c9152adcfc074fec4fed6ee3be76-2799980100871858145.jpg']","Bán amly như hình , hoạt động tốt , vui lòng alo , thanks"
Đồng hồ Huawei Gt3 pro silicon,6.300.000 đ,"['https://cdn.chotot.com/lR0FytnE_9qsNvH8085A3DleH4FQv_CvvTTYn3ujTRs/preset:view/plain/7d22e137a03c3a0c79f755440aaa4cdb-2799984994814575940.jpg', 'data:image/gif;base64,R0lGODlhAQABAIAAAAAAAP///yH5BAEAAAAALAAAAAABAAEAAAIBRAA7']","Đồng hồ đẹp còn bảo hành đến cuối tháng 9/2023
Em ở Kiến Hưng Hà Đông có ship cod cho các bác ở xa"
iPhone Xs Quốc tế 64gb - Trả góp bao nợ xấu,4.490.000 đ GiáHời,"['data:image/gif;base64,R0lGODlhAQABAIAAAAAAAP///yH5BAEAAAAALAAAAAABAAEAAAIBRAA7', 'https://cdn.chotot.com/WFFQ_2iO8F5s4qPvvB8QZ5_KLdsZ5JRIEB5-i3kcOZo/preset:view/plain/fc73db6512d053296561740a2d07bd43-2784467449177767616.jpg']","❤️ Xả Kho giá ưu đãi Xs 64gb. Bảo hành 18 tháng
Giá thật bản quốc tế full chức năng
🔸 Giá 4.490.000d
✅CAM KẾT CHẤT LƯỢNG
👉 máy QUỐC TẾ CHÍNH HÃNG
👉 máy NGUYÊN ZIN
👉FULL CHỨC NĂNG,
👉chất lượng như mới, ngoại hinh đẹp như mới
Mua Máy Bên ExMobile A/C Nguyễn Quốc Hùng Sẽ được những ưu đãi sau.
-Tặng gói bảo hành VIP 18 tháng
-Tặng sạc nhanh 20w
-Tặng tai nghe Airpods 
-Tặng ốp lưng,dán cường lực miễn phí 1 năm
👍Về chất lượng sản phẩm ExMobile cam kết.
-100% NGUYÊN ZIN

ĐẶC BIỆT HỖ TRỢ TRẢ GÓP BAO NỢ XẤU"
iphone 11 Pro Max 64gb đen fullbox còn BH tgdd 7T,8.800.000 đ,"['data:image/gif;base64,R0lGODlhAQABAIAAAAAAAP///yH5BAEAAAAALAAAAAABAAEAAAIBRAA7', 'https://cdn.chotot.com/d_7x9b6Vl7VEs1cHFpQPkTOmMxVL7sfv9LITpoMtCM4/preset:view/plain/fbcfcec3ab4bb09a78096d0d791995ed-2797598357150978497.jpg']",Mới mua cái iphone 13 Pro Max nên bán lại cái iphone 11 Pro Max màu đen cho bạn nào cần mua về dùng máy dung lượng 64gb quốc tế mua đập hộp tại thế giới di động còn hoá đơn đầy đủ còn bảo hành chính hãng 7 tháng. Ngoại hình rất đẹp k cấn móp rớt gì cả . chuc năng bên trong cũng như bên ngoài. face id rất nhạy. Icloud chính chủ mình đang sài thoát ra vô tư nên bao re set các kiểu không có lỗi lầm gì hết . Pin trâu sóng mạnh . Chơi game mượt . Mua bán tại nhà hoặc nơi công cộng đều được mình k giao dịch ngoài đường . Ai k rành máy thì có thể dẫn theo thợ tét cho yên tâm. Có lỗi mình tặng máy về luôn . Phụ kiện sac cáp tai nge và hộp trùng imei. Cảm ơn chợ tốt đã giúp duyệt bài. Cảm ơn câc bạn quan tâm
iPhone 11 64G quốc tế mất Face,5.500.000 đ,"['data:image/gif;base64,R0lGODlhAQABAIAAAAAAAP///yH5BAEAAAAALAAAAAABAAEAAAIBRAA7', 'https://cdn.chotot.com/yDYtwqxkdJ7MKHpsj_iwX6S0vGsmNs27GN52vVmvlgw/preset:view/plain/efb0eebdb36979c86794045123d2219c-2799558937492587291.jpg']","📱 iPhone 11 64G 
📱 Máy QT ko Face id , pin tốt
👍 Bao test thoải mái
🍗 Sạc cáp đầy đủ
💸 Giá chỉ 5tr5
❤️ NHẬN GIAO LƯU"
Iphone 12 64gb,11.500.000 đ,"['data:image/gif;base64,R0lGODlhAQABAIAAAAAAAP///yH5BAEAAAAALAAAAAABAAEAAAIBRAA7', 'https://cdn.chotot.com/01BTQ8BcX-DdLbT6c7ndlpKk1QIlSswUOgIRAgSy-O4/preset:view/plain/57b59d1223eeaceccee5d9cfeb338ef9-2799984356877543393.jpg']","Tình trạng máy còn rất mới do ít sử dụng
thành 12 tuổi"
"Realme 6 Pro - Dual SIM, 90Hz, Lightning Color 99%",3.350.000 đ,"['https://cdn.chotot.com/WhifCTe-01Dpe4MVMK5OzcKLT5sW65PUW4leckOOZeY/preset:view/plain/be504b3e3bfdae9b8fb450e78e4ecd82-2798556711649124803.jpg', 'data:image/gif;base64,R0lGODlhAQABAIAAAAAAAP///yH5BAEAAAAALAAAAAABAAEAAAIBRAA7']","Nếu bạn đang tự hỏi rằng ở cái tầm tiền hơn 3 triệu nên mua máy gì ???
Thì đọc bài viết này ở đây chính là câu trả lời thỏa đáng nhất dành cho bạn.

Với thiết kế đẹp cùng với Lightning Color lại càng thêm sự ấn tượng dành cho Smartphone mang tên Realme 6 Pro.

✅ Màn hình 6.6"" FullHD+, lướt mượt mà với tần số quét 90Hz
✅ Hệ thống 6 cam cực đỉnh chụp siêu nét cùng khả năng 20X, góc siêu rộng
✅ Chip Snapdragon 730G cùng android 10 mượt mà, đằm thắm đáp ứng nhu cầu hàng ngày, thoái mái cho anh em cày game phổ biến như Liên quân mobile,...
✅Pin 4300mAh, hỗ trợ sạc nhanh 30W, sạc đầy pin trong 1 tiếng
✅ Đặc biệt hơn, em nó 2 sim vật lý siêu tiện lợi

Giá bán:
- 6G/64Gb: 3.350k
- 6G/128Gb: 3.550k
- 8G/128Gb: 3.750k
_________
▬ Bảo hành Như giá Bán Buôn, test thoải mái dùng thử 07 Ngày 1 đổi 1.
▬ Giá +100.000đ Bảo hành Toàn thân máy 1 tháng.test thoải mái dùng thử 07 ngày lỗi bất kì đổi lụôn máy khác.
▬ Giá +200.000đ Bảo hành toàn thân máy 3 tháng, test thoải mái 15 ngày Lỗi 1 đổi 1.

══ ƯU ĐÃI KÈM THEO ══
✔ Sạc Nhanh FastCharging
✔ Cable USB

▬ THANH TOÁN QUA THẺ_TRẢ GÓP từ xa
▬ GIAO HÀNG TOÀN QUỐC

MUA Trực Tiếp tại
Đ/c: Số 14 Ngõ 104 Đào Tấn- Ba Đình- HN"
Vsmart arist 128 GB,2.000.000 đ,"['data:image/gif;base64,R0lGODlhAQABAIAAAAAAAP///yH5BAEAAAAALAAAAAABAAEAAAIBRAA7', 'https://cdn.chotot.com/eLmo2oCPpXKNPIfCJbn-FdEvBn4OVHPcoij0U5YqDsg/preset:view/plain/ef8ea57c7ba25e8d11b11902a4b06aae-2799984858663052513.jpg']",Mình cần bán vsmatr arist cấu hình Ram 6 bộ nhớ 128GB pin 5000 xài rất ngon màn hình Super monit giá rẻ ai cần mua liên hệ mình giá không bớt Ai mua vui lòng Coi trực tiếp tôi không nhận tin nhắn em ăn ở Dĩ An Bình Dương
Vga rx570 4g,650.000 đ,"['https://cdn.chotot.com/LRXBoZQ-BJ3HV4TGDxVWhgX16-mHj_Mr_pHKgulaNGk/preset:view/plain/248b285ab94fa0276f68301fbf671e20-2799985053725162798.jpg', 'data:image/gif;base64,R0lGODlhAQABAIAAAAAAAP///yH5BAEAAAAALAAAAAABAAEAAAIBRAA7']","Bán card rx570 4g như ảnh. Chỉ hoạt động cổng DVI, dùng nguồn phụ 8pin.
Chơi game, đồ họa ngon trong tầm giá.
Bao test 1 tuần cho ae 
------------------------------------------------
Đ/c: 467/8/7 Tâ Sơn - P12 - Gò Vấp - HCM"
"Xiaomi mi 12x 5G 8GB/128GB đẹp keng 99,9% có gl",7.550.000 đ,"['https://cdn.chotot.com/R1daYOSJVF7gQdUWyipW2jBZD4Hmol4Zmqh-sWQ9KyY/preset:view/plain/76e9bda365e0a8c09a142e01f95798c7-2797283625768910468.jpg', 'data:image/gif;base64,R0lGODlhAQABAIAAAAAAAP///yH5BAEAAAAALAAAAAABAAEAAAIBRAA7']","Xiaomi 12X 5G màu tím violet bản 8GB/128GB đẹp leng keng như new fullbox 
Màn hình cong sexy, viền cực mỏng 6.28""
Chíp Snapdragon 870 5G mát máy, tk pin
Hỗ trợ ae up rom quốc tế 
Bán hoặc giao lưu trải nghiệm 
LH : call & zalo"
Lenovo g460 i5 gen 1 ram 4 hdd 640,2.500.000 đ,"['https://cdn.chotot.com/DJFHw2Ox2kzeOQHLzTkzHucyuD6xEHDVF8fOfNTMiCY/preset:view/plain/0c343775ac6e5ae561627f2066c24b2c-2799984557877576305.jpg', 'data:image/gif;base64,R0lGODlhAQABAIAAAAAAAP///yH5BAEAAAAALAAAAAABAAEAAAIBRAA7']","Ngoại hình máy còn tương đối (như ảnh)
Máy full chức năng phím good
Chiến game cf, au, văn phòng, học online, lướt web, xem phim, nghe nhạc thả ga
Pin cầm 2g
Tặng đầy đủ phụ kiện
Bao test 7 ngày

211b bãi sậy p4 q6"
Các dòng Gopro 99%. Bảo hành và phụ kiện đầy đủ.,3.490.000 đ,"['https://cdn.chotot.com/PN8RGjUlNeLkeFYX3A3HyVIPpijKuE8kO8odBEcu-xk/preset:view/plain/3a274d2047b57c254fba46023efcdc03-2799985130227151154.jpg', 'data:image/gif;base64,R0lGODlhAQABAIAAAAAAAP///yH5BAEAAAAALAAAAAABAAEAAAIBRAA7']","Shop mình về nhièu dòng Gopro từ 5 black đến 9 black. Bảo hành đầy đủ 12 tháng đổi mới lỗi. Phụ kiện đi kèm đầy đủ, tặng kèm thẻ nhớ 64GB. Mức giá rẻ nhất từ 2 triệu 790, cam kết tình trạng 99%. 
✨Hỗ trợ trả góp qua thẻ tín dụng.
📩Mình ở Hồ Chí Minh. Anh em có nhu cầu liên hệ mình nhé."
Realme 2 ram3.32g,1.000.000 đ,"['data:image/gif;base64,R0lGODlhAQABAIAAAAAAAP///yH5BAEAAAAALAAAAAABAAEAAAIBRAA7', 'https://cdn.chotot.com/dC1looEUcbNNMj8Gb3x5P5lS-R-BL4h-vh2OMS1q_08/preset:view/plain/cdc03d7db4d18104efde81a0537242c5-2799985107778711858.jpg']",Máy còn sử dụng tốt mỗi chức năng anh em cần dùng liên hệ máy không phụ kiện
asus i3-4030U màn cảm ứng doanh nhân có giao lưu,3.200.000 đ,"['https://cdn.chotot.com/e-136jZYMr6alBN5rGmWrSVJ8Cy3RDPhLLY8y7bsSYw/preset:view/plain/694f42f642e265ef63cd5acdd7850afa-2799983930249558517.jpg', 'data:image/gif;base64,R0lGODlhAQABAIAAAAAAAP///yH5BAEAAAAALAAAAAABAAEAAAIBRAA7']","công việc cần xách laptop đi lại nhiều nên bán đổi máy màn nhỏ hơn tiện bỏ cốp.
asus i3 gen 4 dòng cảm ứng doanh nhân, cảm ứng đa điểm cực nhạy. 
ssd 128g khởi động chớp mắt
ram 4g mượt mà tất cả tác vụ
bán nhanh giá 3tr2. hoặc anh em có gì giao lưu thì alo em! cảm ơn ạ"
"TiVi Smart LG 43""UP7750PTC 4K giọng nói BH 2 năm👈",6.900.000 đ,"['https://cdn.chotot.com/N-wy5Fcnj34RpgqE1Qx4Q-LdN_3raYIstNZd2Tqmk8c/preset:view/plain/992049ef573e5b74c06864d06acdc02f-2799616831589304093.jpg', 'data:image/gif;base64,R0lGODlhAQABAIAAAAAAAP///yH5BAEAAAAALAAAAAABAAEAAAIBRAA7']","Kho về bé TiVi Smart LG 43""UP7750PTC 4K giọng nói full BOX MODEL 2021 máy đc bảo hành chính hãng điện tử toàn quốc 2 năm,thiết kế full tràn viền cực đẹp mắt chạy hệ điều hành webOS 6.0 mới nhất nay luôn,máy bao chưa chạy giờ nào bao test thoải mái luôn nhá......Giá bán tại kho chỉ 6,9tr ai cần cứ INBOX hoặc ACE có thể bấm vào biểu tượng bên trái để xem thêm các sản phẩm TiVi khác nha thanks!

Cửa hàng có nhận hỗ trợ thanh toán trả góp cà thẻ qua thẻ tín dụng trên 30 ngân hàng toàn quốc ( Visa/Mater card )

Cửa hàng mua bán uy tín lâu năm tại 297/21A12 LẠC LONG QUÂN P3 Q11 dãy nhà bên phải cuối hẻm AC mua gọi trực tiếp cho mình gặp Hải tư vấn miễn phí

Cửa hàng có nhận thu mua và trao đổi các dòng TiVi led Smart giá tốt tận nơi AC cần cứ ☎️

Cửa hàng có thể Ship miễn phí cho ACE các quận nội thành và lắp đặt luôn nếu cần

Lưu ý ; 👉👉 ☎️ cho mình trước khi qua nhe......Cảm ơn"
Loa KEf X300A,5.600.000 đ,"['https://cdn.chotot.com/3t8kcKNXKnE8orLqcRQku9Tst7Xs5hqdGTJAmlqCZug/preset:view/plain/32250d5008a3de463dbf1e8db699199d-2799984929579080127.jpg', 'data:image/gif;base64,R0lGODlhAQABAIAAAAAAAP///yH5BAEAAAAALAAAAAABAAEAAAIBRAA7']",Mình mới thu được của khách .. đôi loa kef liền công suất . Để lâu không sử dụng .. tình trang chạy 1 loa .. 1 loa kia lúc được lúc không .. chưa qua sửa chữa
Vivo Y55 hàng còn bảo hành,3.500.000 đ,"['data:image/gif;base64,R0lGODlhAQABAIAAAAAAAP///yH5BAEAAAAALAAAAAABAAEAAAIBRAA7', 'https://cdn.chotot.com/OjgjPcLD7YEp03rbe5kP227_t8yW7RuNk3RKFNRPah0/preset:view/plain/864b660e43b2e2743f0a40b5d0af48c6-2799984984116100398.jpg']","Máy full chức năng 
Bộ nhớ ram 8+4 -128G
Pin trâu 5000
Máy đẹp keng
Máy em bao xài bao test
Xem và mua máy tại nhà ko ship ko giao lưu"
Bán ipad mini 3,1.250.000 đ,"['data:image/gif;base64,R0lGODlhAQABAIAAAAAAAP///yH5BAEAAAAALAAAAAABAAEAAAIBRAA7', 'https://cdn.chotot.com/o69XgU76Kb2WDxl2DSmFUl_oiR6IY0hLPfgMfjgqbR8/preset:view/plain/c5c5af7934d575651a5dc53581c449e4-2799984960790507826.jpg']",Bán i pad mini 3. Máy ngon ok. Bao test. Có fix nhẹ
iphone 6splus LL/A cần bán,2.000.000 đ,"['https://cdn.chotot.com/OqfR9_w9ECdYjfPw1jxe9j-dD1P4BRxS2FkEk5gTns0/preset:view/plain/bdb27f49edd2023db45ec368bbe0792b-2799979796478514465.jpg', 'data:image/gif;base64,R0lGODlhAQABAIAAAAAAAP///yH5BAEAAAAALAAAAAABAAEAAAIBRAA7']",Máy đẹp pin ổn thanh lý cho ae nào chữa cháy
Máy dư cần bán lại cho ai cần .,1.700.000 đ,"['https://cdn.chotot.com/q2j2TyD6x9s-pg4TvsplmH9WtXvCz6gx1krRlJj30Tw/preset:view/plain/dd3c35caa458c280674a7efa847d7895-2799985346831888814.jpg', 'data:image/gif;base64,R0lGODlhAQABAIAAAAAAAP///yH5BAEAAAAALAAAAAABAAEAAAIBRAA7']","Máy dùng ok 
không sạc 
chưa qua sửa chửa . mua gặp trực tiếp để trao đổi ."
HP Elitebook 840 G5 i5- 8250U| 8GB| 256GB| vỏ nhôm,8.700.000 đ,"['https://cdn.chotot.com/B8e_-CnL0FAtjdWRcyWoyZNn76iI0Pac66rRZd9IJxA/preset:view/plain/d3d8960d012f040a2d43ea4451c9312b-2799985166817240046.jpg', 'data:image/gif;base64,R0lGODlhAQABAIAAAAAAAP///yH5BAEAAAAALAAAAAABAAEAAAIBRAA7']","✓ CPU: Intel® Core™ i5-8250U 
✓ RAM: 8GB DDR4
✓ SSD: 256GB
✓ VGA: Intel Graphic UHD 620
✓ Màn hình: 14″ Anti-Glare LED-Backlit màn FullHD
✓ Kết nối: 3 x USB 3.0, VGA, Wifi, LAN, Camera, HDMI, Bluetooth…Vỏ nhôm nguyên khối,Nhận diện khuôn mặt FACE ID
✓ PIN: 6cell (~3h liên tục)
✓ OS: Windows 10 hoặc 11
✓ Trọng lượng: 1,4 kg
Giá bán : 8 triệu 700 ngàn 
Bao test 7 ngày-Bảo hành 2 tháng"
XIAOMI POCO X3 PRO hiệu năng mạnh mẽ Snap 860,4.190.000 đ,"['data:image/gif;base64,R0lGODlhAQABAIAAAAAAAP///yH5BAEAAAAALAAAAAABAAEAAAIBRAA7', 'https://cdn.chotot.com/8p7HrYGEcjkhEjTvAj8su0JhV08lvEKC9K_h2ckowaE/preset:view/plain/0a59764eb32a21d690012d04de822642-2799154874175189978.jpg']","🌨🌨 XIAOMI POCO X3 PRO likenew thiết kế độc đáo, camera sống động
👉 Snap 860 Ram 6/128GB mạnh mẽ cho mọi game
👉 Màn 120hz mượt mà như lụa, Pin trâu 5k 
💲 4.190.000 ( máy trần )
 4.290.000 ( full phụ kiện )

--
🆗 Máy 99% zin 100%
✨️ 
✨️ Kèm sạc cáp 40W guxi
✨️ Kèm tai nghe AKG
✨️ Tặng voucher PPF phụ kiện 20%
✨️ Kèm cây lấy sim 
✨️ Tặng dán bảo vệ lưng 
✨️ Ship cod toàn Quốc
✨️ Hỗ trợ đổi màu, đổi dung lượng miễn phí trong 7 ngày (KHÔNG THÍCH LÀ ĐỔI)

--
★ Bao test 7 ngày lỗi 1 đổi 1
★ Bảo hành 3 tháng mainboard
★ Bảo hành phụ kiện trọn đời máy

🍀 Màn IPS LCD 6.67"" HDR10 FullHD+ 120hz
🐞 Snap 860 ram 6/128gb hiệu năng mạnh mẽ
🍀 4 Cam sau 48mp/8mp/2mp/2mp quay 4K 120fps cực nét
🐞 Cam trước 20mp góc rộng có Al
🍀 2 sim 4G
🐞 Mở khóa bằng vân tay cạnh viền
🍀 Sạc nhanh 33w/ Pin 5160mah cực trâu

--
🏧 Quẹt thẻ ngân hàng & thẻ tín dụng

♦ Trả góp chỉ từ 0₫ - Lên đời máy chỉ cần 0₫
♦ Hồ sơ nhanh gọn (CCCD hoặc CMND + BLX,HK), lãi thấp | Tỉ lệ đậu cao
--
THU MUA TRAO ĐỔI SMARTPHONE - TABLET - LAPTOP 

--

➜ ĐẾ MOBILE [ Mở cửa: 8H30 - 21H30 ]
- 395 Phạm Văn Thuận,Khu Phố 3, Phường Tam Hiệp, Biên Hoà (Đối diện cổng giáo xứ BÙI VĨNH)"
VGA MSI RX580 8GB Armor đẹp đã test game kỹ,1.250.000 đ Freeship50K,"['https://cdn.chotot.com/EQU-iEwnlQavMpOUdrd_E1_ZhSavVTocKJr2fEDRQks/preset:view/plain/87f0a95e85d8b92ce8f9b3e35f3e06f8-2799108880241194797.jpg', 'data:image/gif;base64,R0lGODlhAQABAIAAAAAAAP///yH5BAEAAAAALAAAAAABAAEAAAIBRAA7']","VGA MSI RX580 8GB Armor đẹp đã test game kỹ

Bảo hành 1 tháng lỗi là đổi

Model:  RX 580 ARMOR 8G OC
GPU:  Radeon RX 580
Memory:  8GB GDDR5
Memory bus:  256-bit
Core Clocks:  1366 MHz
Memory Clock Speed:  8000 MHz
Cổng giao tiếp:  DisplayPort x 2 / HDMI x 2 / DL-DVI-D
DriectX/OpenGL:  12 / 4.5
Chuẩn giao tiếp:  PCI Express 3.0 x16
Nguồn:  8-pin x 1
Công suất nguồn yêu cầu:  500 W
Số màn hình tối đa:  5
Kích thước:  269 x 125 x 38 mm"
Xiaomi Redmi Note 11 (6GB/128GB) - bán góp 0d,3.990.000 đ,"['https://cdn.chotot.com/2WpmnlM8_kQ2H40sJJHaCIink8qyhcYlo0XFdKraJsU/preset:view/plain/7cf5092674bce9c371518a1a4fc93b44-2799980363314293119.jpg', 'data:image/gif;base64,R0lGODlhAQABAIAAAAAAAP///yH5BAEAAAAALAAAAAABAAEAAAIBRAA7']","Điện thoại Xiaomi Redmi Note 11 (6GB/128GB)
Bảo hành tại TGDĐ 17 tháng
Giá: 3.990,000 vnd 
Hàng ngon hết nước chấm luôn 
Bán góp 0 trả trước - 0 gọi người thân
Chỉ cần căn cước - lãi ngày chỉ vài ngàn
443 lê lợi, quảng ngãi 
Lh/ sdt tư vấn/ kết bạn zalo
Làm hồ sơ online đậu đến lấy máy cũng được
Hàng đẹp như vừa khui hộp chất lượng miễn bàn
Quý khách an tâm"
TV QLED Samsung 55Q60T 55in Dòng QLED BH 6/2023,9.800.000 đ,"['https://cdn.chotot.com/GfT6DeOCLKoNhYA34y6_Dz_0NGaRjWvnBPab5eWwpZo/preset:view/plain/91510a356225ce0c2c712ae6ce73fbd9-2777362476630775437.jpg', 'data:image/gif;base64,R0lGODlhAQABAIAAAAAAAP///yH5BAEAAAAALAAAAAABAAEAAAIBRAA7']","Mình thanh lý giùm anh TV QLED Samsung 4K độ phân giải (3840x2160)p SUHD độ phân giải gấp 4 lần Full HD .. QLED Samsung 55in là hàng quà biếu căn hộ nên dư ra. model máy là UA55Q60T. tình trạng thì tv này NHƯ MỚI FULLBOX VÀ BẢO HÀNH ĐẾN 6/2023 CHÍNH HÃNG SAMSUNG VIỆT NAM TOÀN QUỐC HÃNG ĐẾN TẬN NHÀ BH NHƯ MUA TRONG SIÊU THỊ LUÔN NHA, thuộc dòng đỉnh QLED mới của samsung rồi nên cho hình ảnh sặc sỡ và siêu nét chi tiết vì có nhiều công nghệ khủng của Samsung như.. quantum dot (MÀU CHẤM LƯỢNG TỬ ) nên hình ảnh sặc sỡ như tv OLED luôn và TÌM KIẾM GIỌNG NÓI TIẾNG VIỆT tự động điều chỉnh khoảng cách nhận biết người xem để cho hình ảnh thật lLED độ phân giải 4K rồi xem xem 4k và HD thật sắc sảo cho màu sắc bất ngờ rực rở khỏi chê luôn. em nó dùng bộ sử lý 4 nhân nên mạng internet rất nhanh vèo vèo luôn qua Wifi anh em có thể lướt web vào Facebook, skype để chat liên lạc với bạn bè, vào YouTube và Zing để xem những clip nhạc HD máy có ứng dụng xem đài trực tuyến như VTV3 HD qua internet anh em xem được nhiều đài trực tiếp qua internet không cần dùng cáp luôn, kết nối chuột bay và bàn phím không dây nữa .thuộc dòng khủng nên máy có chức năng quét khủng đến 1.200XR Hz kết hơp màn hình QLED cho mình trải nghiệm không thua rạp hát để khi mình xem những cảnh chuyển động nhanh rất chi tiết ấn tượng cộng với bộ loa 60W tích hợp trong máy cho tiếng bass mạnh mẽ như một dàn loa soundbar. như rạp hát aem chạy qua nhà mình xem và trải nghiệm bảo đảm kết liền. mình để lại tivi này giá 9tr8"
vsmart live ram 6/64gb rin fun gl,2.250.000 đ,"['https://cdn.chotot.com/s4gA96rM9QXMkmvcMaITIBTdnShVdi2hlTLbHcDnPgw/preset:view/plain/55edd4c5bf58441e2eca4bbd93251e7d-2795034302466673275.jpg', 'data:image/gif;base64,R0lGODlhAQABAIAAAAAAAP///yH5BAEAAAAALAAAAAABAAEAAAIBRAA7']",cần bán hay giao lưu mọi thể loại máy đẹp như hình nguyên rin fun chức năng cấu hình mạnh ram 6/64gb màn amoled đẹp vân tay trong màn nhạy cam pin trâu ai cần gọi nha xem máy tân phú thanks
iPad Pro 11 inch 4G 2020 kèm Phím xịn,14.000.000 đ,"['data:image/gif;base64,R0lGODlhAQABAIAAAAAAAP///yH5BAEAAAAALAAAAAABAAEAAAIBRAA7', 'https://cdn.chotot.com/1BE5tLFwhHo81g6d9wLrxTZoQAZ1Bvt1abmQZTXo5Io/preset:view/plain/c1b51837963360de767c6fe4949790e6-2799887795137695938.jpg']","Lên đời nên bán lại iPad Pro 11 inch 2020

✅ Ngoại hình đẹp
✅ Bản 4G, bộ nhớ 128GB
✅ Kèm phím xịn có trackpad, đèn phím"
Amply khủng long,1.000.000 đ,"['data:image/gif;base64,R0lGODlhAQABAIAAAAAAAP///yH5BAEAAAAALAAAAAABAAEAAAIBRAA7', 'https://cdn.chotot.com/_EwduJItW68PsGzl3JbeNZ7NbKz9W_VJqajWAo18heY/preset:view/plain/c5d6c9152adcfc074fec4fed6ee3be76-2799980100871858145.jpg']","Bán amly như hình , hoạt động tốt , vui lòng alo , thanks"
Đồng hồ Huawei Gt3 pro silicon,6.300.000 đ,"['https://cdn.chotot.com/lR0FytnE_9qsNvH8085A3DleH4FQv_CvvTTYn3ujTRs/preset:view/plain/7d22e137a03c3a0c79f755440aaa4cdb-2799984994814575940.jpg', 'data:image/gif;base64,R0lGODlhAQABAIAAAAAAAP///yH5BAEAAAAALAAAAAABAAEAAAIBRAA7']","Đồng hồ đẹp còn bảo hành đến cuối tháng 9/2023
Em ở Kiến Hưng Hà Đông có ship cod cho các bác ở xa"
iPhone Xs Quốc tế 64gb - Trả góp bao nợ xấu,4.490.000 đ GiáHời,"['data:image/gif;base64,R0lGODlhAQABAIAAAAAAAP///yH5BAEAAAAALAAAAAABAAEAAAIBRAA7', 'https://cdn.chotot.com/WFFQ_2iO8F5s4qPvvB8QZ5_KLdsZ5JRIEB5-i3kcOZo/preset:view/plain/fc73db6512d053296561740a2d07bd43-2784467449177767616.jpg']","❤️ Xả Kho giá ưu đãi Xs 64gb. Bảo hành 18 tháng
Giá thật bản quốc tế full chức năng
🔸 Giá 4.490.000d
✅CAM KẾT CHẤT LƯỢNG
👉 máy QUỐC TẾ CHÍNH HÃNG
👉 máy NGUYÊN ZIN
👉FULL CHỨC NĂNG,
👉chất lượng như mới, ngoại hinh đẹp như mới
Mua Máy Bên ExMobile A/C Nguyễn Quốc Hùng Sẽ được những ưu đãi sau.
-Tặng gói bảo hành VIP 18 tháng
-Tặng sạc nhanh 20w
-Tặng tai nghe Airpods 
-Tặng ốp lưng,dán cường lực miễn phí 1 năm
👍Về chất lượng sản phẩm ExMobile cam kết.
-100% NGUYÊN ZIN

ĐẶC BIỆT HỖ TRỢ TRẢ GÓP BAO NỢ XẤU"
iphone 11 Pro Max 64gb đen fullbox còn BH tgdd 7T,8.800.000 đ,"['data:image/gif;base64,R0lGODlhAQABAIAAAAAAAP///yH5BAEAAAAALAAAAAABAAEAAAIBRAA7', 'https://cdn.chotot.com/d_7x9b6Vl7VEs1cHFpQPkTOmMxVL7sfv9LITpoMtCM4/preset:view/plain/fbcfcec3ab4bb09a78096d0d791995ed-2797598357150978497.jpg']",Mới mua cái iphone 13 Pro Max nên bán lại cái iphone 11 Pro Max màu đen cho bạn nào cần mua về dùng máy dung lượng 64gb quốc tế mua đập hộp tại thế giới di động còn hoá đơn đầy đủ còn bảo hành chính hãng 7 tháng. Ngoại hình rất đẹp k cấn móp rớt gì cả . chuc năng bên trong cũng như bên ngoài. face id rất nhạy. Icloud chính chủ mình đang sài thoát ra vô tư nên bao re set các kiểu không có lỗi lầm gì hết . Pin trâu sóng mạnh . Chơi game mượt . Mua bán tại nhà hoặc nơi công cộng đều được mình k giao dịch ngoài đường . Ai k rành máy thì có thể dẫn theo thợ tét cho yên tâm. Có lỗi mình tặng máy về luôn . Phụ kiện sac cáp tai nge và hộp trùng imei. Cảm ơn chợ tốt đã giúp duyệt bài. Cảm ơn câc bạn quan tâm
iPhone 11 64G quốc tế mất Face,5.500.000 đ,"['data:image/gif;base64,R0lGODlhAQABAIAAAAAAAP///yH5BAEAAAAALAAAAAABAAEAAAIBRAA7', 'https://cdn.chotot.com/yDYtwqxkdJ7MKHpsj_iwX6S0vGsmNs27GN52vVmvlgw/preset:view/plain/efb0eebdb36979c86794045123d2219c-2799558937492587291.jpg']","📱 iPhone 11 64G 
📱 Máy QT ko Face id , pin tốt
👍 Bao test thoải mái
🍗 Sạc cáp đầy đủ
💸 Giá chỉ 5tr5
❤️ NHẬN GIAO LƯU"
Iphone 12 64gb,11.500.000 đ,"['data:image/gif;base64,R0lGODlhAQABAIAAAAAAAP///yH5BAEAAAAALAAAAAABAAEAAAIBRAA7', 'https://cdn.chotot.com/01BTQ8BcX-DdLbT6c7ndlpKk1QIlSswUOgIRAgSy-O4/preset:view/plain/57b59d1223eeaceccee5d9cfeb338ef9-2799984356877543393.jpg']","Tình trạng máy còn rất mới do ít sử dụng
thành 12 tuổi"
"Realme 6 Pro - Dual SIM, 90Hz, Lightning Color 99%",3.350.000 đ,"['https://cdn.chotot.com/WhifCTe-01Dpe4MVMK5OzcKLT5sW65PUW4leckOOZeY/preset:view/plain/be504b3e3bfdae9b8fb450e78e4ecd82-2798556711649124803.jpg', 'data:image/gif;base64,R0lGODlhAQABAIAAAAAAAP///yH5BAEAAAAALAAAAAABAAEAAAIBRAA7']","Nếu bạn đang tự hỏi rằng ở cái tầm tiền hơn 3 triệu nên mua máy gì ???
Thì đọc bài viết này ở đây chính là câu trả lời thỏa đáng nhất dành cho bạn.

Với thiết kế đẹp cùng với Lightning Color lại càng thêm sự ấn tượng dành cho Smartphone mang tên Realme 6 Pro.

✅ Màn hình 6.6"" FullHD+, lướt mượt mà với tần số quét 90Hz
✅ Hệ thống 6 cam cực đỉnh chụp siêu nét cùng khả năng 20X, góc siêu rộng
✅ Chip Snapdragon 730G cùng android 10 mượt mà, đằm thắm đáp ứng nhu cầu hàng ngày, thoái mái cho anh em cày game phổ biến như Liên quân mobile,...
✅Pin 4300mAh, hỗ trợ sạc nhanh 30W, sạc đầy pin trong 1 tiếng
✅ Đặc biệt hơn, em nó 2 sim vật lý siêu tiện lợi

Giá bán:
- 6G/64Gb: 3.350k
- 6G/128Gb: 3.550k
- 8G/128Gb: 3.750k
_________
▬ Bảo hành Như giá Bán Buôn, test thoải mái dùng thử 07 Ngày 1 đổi 1.
▬ Giá +100.000đ Bảo hành Toàn thân máy 1 tháng.test thoải mái dùng thử 07 ngày lỗi bất kì đổi lụôn máy khác.
▬ Giá +200.000đ Bảo hành toàn thân máy 3 tháng, test thoải mái 15 ngày Lỗi 1 đổi 1.

══ ƯU ĐÃI KÈM THEO ══
✔ Sạc Nhanh FastCharging
✔ Cable USB

▬ THANH TOÁN QUA THẺ_TRẢ GÓP từ xa
▬ GIAO HÀNG TOÀN QUỐC

MUA Trực Tiếp tại
Đ/c: Số 14 Ngõ 104 Đào Tấn- Ba Đình- HN"
Vsmart arist 128 GB,2.000.000 đ,"['data:image/gif;base64,R0lGODlhAQABAIAAAAAAAP///yH5BAEAAAAALAAAAAABAAEAAAIBRAA7', 'https://cdn.chotot.com/eLmo2oCPpXKNPIfCJbn-FdEvBn4OVHPcoij0U5YqDsg/preset:view/plain/ef8ea57c7ba25e8d11b11902a4b06aae-2799984858663052513.jpg']",Mình cần bán vsmatr arist cấu hình Ram 6 bộ nhớ 128GB pin 5000 xài rất ngon màn hình Super monit giá rẻ ai cần mua liên hệ mình giá không bớt Ai mua vui lòng Coi trực tiếp tôi không nhận tin nhắn em ăn ở Dĩ An Bình Dương
Vga rx570 4g,650.000 đ,"['https://cdn.chotot.com/LRXBoZQ-BJ3HV4TGDxVWhgX16-mHj_Mr_pHKgulaNGk/preset:view/plain/248b285ab94fa0276f68301fbf671e20-2799985053725162798.jpg', 'data:image/gif;base64,R0lGODlhAQABAIAAAAAAAP///yH5BAEAAAAALAAAAAABAAEAAAIBRAA7']","Bán card rx570 4g như ảnh. Chỉ hoạt động cổng DVI, dùng nguồn phụ 8pin.
Chơi game, đồ họa ngon trong tầm giá.
Bao test 1 tuần cho ae 
------------------------------------------------
Đ/c: 467/8/7 Tâ Sơn - P12 - Gò Vấp - HCM"
"Xiaomi mi 12x 5G 8GB/128GB đẹp keng 99,9% có gl",7.550.000 đ,"['https://cdn.chotot.com/R1daYOSJVF7gQdUWyipW2jBZD4Hmol4Zmqh-sWQ9KyY/preset:view/plain/76e9bda365e0a8c09a142e01f95798c7-2797283625768910468.jpg', 'data:image/gif;base64,R0lGODlhAQABAIAAAAAAAP///yH5BAEAAAAALAAAAAABAAEAAAIBRAA7']","Xiaomi 12X 5G màu tím violet bản 8GB/128GB đẹp leng keng như new fullbox 
Màn hình cong sexy, viền cực mỏng 6.28""
Chíp Snapdragon 870 5G mát máy, tk pin
Hỗ trợ ae up rom quốc tế 
Bán hoặc giao lưu trải nghiệm 
LH : call & zalo"
Lenovo g460 i5 gen 1 ram 4 hdd 640,2.500.000 đ,"['https://cdn.chotot.com/DJFHw2Ox2kzeOQHLzTkzHucyuD6xEHDVF8fOfNTMiCY/preset:view/plain/0c343775ac6e5ae561627f2066c24b2c-2799984557877576305.jpg', 'data:image/gif;base64,R0lGODlhAQABAIAAAAAAAP///yH5BAEAAAAALAAAAAABAAEAAAIBRAA7']","Ngoại hình máy còn tương đối (như ảnh)
Máy full chức năng phím good
Chiến game cf, au, văn phòng, học online, lướt web, xem phim, nghe nhạc thả ga
Pin cầm 2g
Tặng đầy đủ phụ kiện
Bao test 7 ngày

211b bãi sậy p4 q6"
